Genome,SRR26081723,SRR26081724,SRR26081725,SRR26081726,SRR26081727,SRR26081728,SRR26081729,SRR26081730,SRR26081731,SRR26081732,SRR26081733,SRR26081734,SRR26081735,SRR26081736,SRR26081737,SRR26081738,SRR26081739,SRR26081740,SRR26081741,SRR26081742,SRR26081743,SRR26081744,SRR26081745,SRR26081746,SRR26081747,SRR26081748,SRR26081749,SRR26081750,SRR26081751,SRR26081752,SRR26081753,SRR26081754,SRR26081755,SRR26081756,SRR26081757,SRR26081758,SRR26081759
C_bin.137,0,0.011602231,0,0,0.46366617,0.0698344,0,0,0,0,0.12589481,0.15124802,0,0,0.25103197,0,0,0,0,0,0,0.010138359,0,0.03504628,0,0,0,0,0,0,0,0,0,0,0,0,0
C_bin.67,0,0,0,0,0.44642058,0,0,0,0,0,0.01837932,0.02076381,0,0,0.21754518,0,0,0,0,0,0,0.024698094,0,0,0,0,0,0,0,0,0,0,0,0,0,0,0
C_bin.51,0,0,0,0,0.01742723,0,0,0,0,0,0,0.28511417,0,0,0,0,0,0,0,0,0,0,0,0,0,0,0,0,0,0,0,0,0,0,0,0,0
C_bin.32,0,0,0,0,0.008242896,0.015872417,0,0,0,0,0.02870076,0,0.028097104,0,0.1141338,0,0,0,0,0,0,0.09165171,0,0.008175509,0,0,0,0,0,0,0,0,0,0,0,0,0
C_bin.133,0,0,0,0,0,0.18868312,0,0,0.0703113,0,0,0,0,0.05016803,0,0,0,0,0,0,0,0.00316881,0,0,0,0,0,0,0,0,0,0,0,0,0,0,0
C_bin.83,0,0,0,0.012634841,0,0.030816972,0,0,0,0,0.15908512,0,0.033447545,0.014682141,0.021206701,0,0.008883657,0,0,0,0,0.04361285,0.11722934,0.012170024,0.14972585,0,0,0,0.25107878,0,0,0,0,0,0,0,0
C_bin.6,0,0.025891326,0,0.005453507,0.011061207,0.037127033,0,1.1359087,0,0,0.07050125,0.068088666,0,0.006405637,0.02416258,0,0,0,0,0,0,0,0,0,0.015163384,0,0,0,0.14216651,0,0,0,0,0,0,0,0
B1_bin.52,0.04223722,0,0,0,0,0,0,0,0,0,0,0.016107263,0,0,0,0,0,0,0,0,0,0,0,0,0,0,0,0,0.5725138,0,0,0,0,0,0,0,0
A2_bin.5,0,0.00447093,0.008442413,0.006097229,0,0,0.030266562,0,0.053017784,0.012935748,0,0,0,0.06883083,0.018647458,0,0,0.047133766,0.009510472,0.04513763,0.033768937,0.03901622,0.008973692,0,0,0,0.08131606,0.1080146,0,0.03472765,0.45378292,0.10928623,0.013884382,0.012586574,0,0.017391106,0.010410761
C_bin.176,0.04725764,0.013689383,0,0,0.010815251,0.15693158,0,0,0,0,0.024003515,0,0.008510779,0.006031168,0.014650719,0,0.00978254,0,0,0,0,0.1327779,0.01264154,0,0.13530897,0,0,0.008373519,0.13567558,0,0,0,0,0,0,0,0
B2_bin.53,0.011891243,0.28490004,0,0.02310895,0,0.039859843,0,0,0.015850207,0.010724697,0,0,0.019144477,0.007059093,0,0,0.007981787,0.008185101,0,0,0,0,0.023027457,0.078750834,0,0,0,0,0.011930334,0.00884792,0,0,0,0.033176377,0.006833195,0,0
C_bin.58,0,0,0,0,0.007554345,0.029658971,0,0.23357922,0,0,0.039640766,0.09881668,0.008249875,0.022632616,0.04738464,0.027836494,0.29634923,0,0,0,0,0.005583143,0.31904942,0.013759899,0.028231656,0.08356901,0,0,0.0380154,0,0,0,0,0,0,0,0
C_bin.25,0,0,0,0,0.014831286,0.03580059,0,0.05354471,0,0,0.0503365,0.015774716,0.007062349,0.008495176,0.12924737,0,0,0,0,0,0,0.007174055,0.00770935,0,0.015153292,0,0,0,0,0,0,0,0,0,0,0,0
C_bin.37,0,0,0,0,0.06146966,0,0,0,0,0,0.14624037,0.008919608,0,0,0.05335415,0,0,0,0,0,0,0.015052964,0,0,0,0,0,0,0,0,0,0,0,0,0,0,0
B2_bin.29,0,0.004689729,0,0,0,0.004590427,0.027958626,0,0,0,0,0,0.077120826,0,0,0,0,0,0,0,0,0,0.17046596,0.016032591,0,0,0,0,0,0,0,0,0,0,0,0,0
C_bin.35,0.082713634,0,0,0,0,0.056566045,0,0,0,0,0,0,0,0.04505632,0.010859154,0,0.0844676,0,0,0,0,0.006884594,0.037062407,0.021619055,0.16081549,0,0,0,0.21269023,0,0,0,0,0,0,0,0
C_bin.99,0,0.031621836,0,0,0,0.1060028,0,0.64781445,0,0,0.27708128,0.007380733,0,0.013189116,0.07572323,0,0,0,0,0,0,0.020744396,0.03809336,0.013175443,0.11239148,0,0,0,0.24759316,0,0,0,0,0,0.004450311,0,0
B2_bin.1,0.54432243,0.13211454,0.05847888,0.07191358,0.014495519,0.014447935,0.13913053,0,0.087727115,0.33588514,0.013190527,0.00500878,0,0.056948442,0,0,0,0.06550646,0.021544905,0.08364351,0.14478576,0.056543086,0.011222876,0,0.034747824,0,0.012943799,0.14433236,0.008351586,0.11801526,0.07188439,0.08851043,0.07317519,0.31902748,0.049802218,0.044862334,0.12134911
A1_bin.3,0,0,0,0,0,0,0.008518382,0,0,0,0,0,0,0,0,0,0,0,0,0.043867704,0.013189457,0,0,0,0,0,0.009355854,0.079128,0,0.006873846,0,0.04096799,0.13758397,0,0,0.04490817,0.021258622
C_bin.152,0,0.004852875,0,0,0.06233431,0.11772885,0,0.10802947,0,0,0,0.09362157,0,0,0.04960304,0,0,0,0,0,0,0,0,0,0,0,0,0,0,0,0,0,0,0,0,0,0
C_bin.15,0,0.004872507,0,0.006145691,0,0.029315563,0,0,0,0,0.29822183,0,0,0,0.023506667,0,0,0,0,0,0,0.005824871,0,0,0,0,0,0.038741585,0,0,0,0,0,0,0,0,0
C_bin.75,0.011655834,0.014381354,0,0.029932655,0,0.10183614,0,0.01266904,0,0,0.059456196,0.005974465,0.08364198,0.10934799,0.021866651,0,0.42309955,0,0,0,0,0.046995886,0.4689788,0.028465811,0.28619683,0.005406005,0,0.006086696,0.32597813,0.021141386,0,0,0,0,0,0,0
B2_bin.17,0,0.047608674,0.036073737,0,0,0.12056694,0,0,0.007271569,0,0.08257497,0,0,0.28830862,0.05158706,0,0.08413596,0.010529785,0,0,0,0.056271177,0.13749334,0,0.021946874,0,0,0,0.08589904,0.011651313,0,0,0,0,0,0,0
B2_bin.10,0,0,0,0,0,0,0,0,0,0,0,0,0,0,0,0.007096876,0.09104718,0,0,0,0,0,0,0.15869457,0.21513411,0.010728854,0,0,0.05184556,0,0,0,0,0,0,0,0
B2_bin.90,0.057401255,0.012581324,0.3272578,0.34147725,0.096859165,0.039836776,0.25010005,0.021654509,0.47276348,0.34546486,0.032908313,0.018928193,0.00455864,0.32895747,0.017185451,0,0.009066513,0.91294307,0.26834112,0.08717677,0.48129162,0.057996016,0.014055339,0,0.13306154,0,0.3607368,0.42531124,0.12506421,0.19516045,0.57941234,0.26149368,0.18564822,0.14990193,0.25191274,0.16453338,0.056694236
C_bin.168,0,0,0,0,0.13943763,0,0,0,0,0,0.041766934,0.1023923,0,0,0.056418415,0,0,0,0,0,0,0,0,0,0.021314358,0,0,0,0,0,0,0,0,0,0,0,0
B1_bin.36,0,0,0,0,0.028046193,0.040604517,0,0.033148024,0,0,0.06378312,0,0.49936047,0,0.1571074,0,0,0,0,0,0,0,0.005701211,0,0,0,0,0,0,0,0,0,0,0,0,0,0
B2_bin.30,0.017204147,0.06155068,0.063423,0.05774162,0,0.007878071,0.008812184,0,0.015669918,0.016371867,0.004601301,0,0.036471743,0.014610046,0,0,0,0.021090645,0.01606519,0,0,0.08505755,0.12715186,0.03375297,0,0,0,0.01681111,0.022885792,0.031946663,0,0.00989682,0.021482617,0.014643861,0.0441892,0.008330379,0
B1_bin.33,0,0,0,0.47476426,0,0,0,0,0,0,0,0,0,0,0,0,0,0,0,0,0,0.005428975,0.006205082,0,0,0,0,0,0,0,0,0,0,0,0,0,0
A1_bin.11,0.06493878,0.07307121,0.012403071,0.010405216,0.009039918,0.087725215,0.059390172,0,0.026210345,0.036410842,0.011532971,0,0.06423611,0.15700312,0.009063627,0,0,0.11184521,0.017061163,0.014637354,0.040990062,0.152044,0.0398627,0,0.022246154,0,0.029508129,0.24232167,0.012763724,0.030136162,0.26569557,0.2700154,0.015932055,0.026530666,0.011840225,0.006853817,0
C_bin.132,0,0,0,0,0.009580666,0.014611657,0,0,0,0,0.045384634,0.16191061,0.004660756,0.006295316,0.04483117,0,0.029769417,0,0,0,0,0,0.031054264,0.027852321,0.27175796,0.006248429,0,0,0.18516676,0,0,0,0,0,0,0,0
B1_bin.2,0.060178336,0.016084306,0.06454704,0.13655934,0,0,0.07548483,0,0.093703054,0.06650714,0,0,0,0.029887844,0,0,0,0.054776024,0.019261153,0.012531489,0.022971673,0.019467134,0.008319896,0,0,0,0.021478832,0.060170904,0,0.10898006,0.021786204,0.025241094,0.135882,0.037122503,0.05178781,0.041795515,0.003916488
B2_bin.79,0,0.2004743,0.019681253,0,0,0,0.008648958,0,0,0,0,0,0,0,0,0,0,0,0,0.007916897,0,0.004630654,0,0,0,0,0,0,0,0,0,0,0.016887007,0,0,0.011577113,0
C_bin.165,0,0.009570668,0,0,0.06286524,0.052740388,0,1.3971765,0,0,0.12407486,0.109263495,0,0,0.37419236,0,0,0,0,0,0,0,0,0,0.23204367,0,0,0,0,0,0,0,0,0,0,0,0
C_bin.122,0.02977538,0.006138015,0,0,0,0,0,0.7276751,0,0,0.00437428,0,0,0.005265138,0,0,0,0,0.013721815,0,0.013372497,0.004662551,0,0,0.15904188,0,0,0.013127115,0.050735526,0,0,0,0,0,0,0,0
B2_bin.66,0.008869745,0.23452942,0,0,0,0.09489629,0,0.0161698,0,0,0.010885772,0,0.031011706,0.03542134,0,0,0.12842575,0,0,0,0,0.013677093,0.08349028,0,0.007236873,0,0,0,0.05574003,0,0,0,0,0,0,0,0
C_bin.53,0,0,0,0,0.056652337,0,0,0.04222315,0,0,0.110024445,0.24474747,0,0,0.10106246,0,0,0,0,0,0,0,0,0,0,0,0,0,0,0,0,0,0,0,0,0,0
C_bin.43,0,0,0,0,0.022024779,0.014342173,0,0.028676687,0,0,0.15713342,0.2459503,0,0,0.028332489,0,0,0,0,0,0,0,0,0,0.006696534,0,0,0,0,0,0,0,0,0,0,0,0
C_bin.156,0,0,0,0,0,0.37512726,0,0,0,0,0,0,0,0.027012931,0.012803577,0,0.05153578,0,0,0,0,0,0,0,0,0,0,0.09753241,0,0,0,0,0,0,0,0,0
B2_bin.84,0,0,0,0,0,0,0,0,0,0,0,0,0,0,0,0.20311092,0,0,0,0,0,0,0,0,0,0.28528693,0,0,0,0,0,0,0,0,0,0,0
C_bin.52,0.012509839,0.045738503,0,0,0,0.13754404,0,0,0,0,0.03314933,0,0.04089098,0,0.01892334,0,0,0,0,0,0,0.07902516,0.040036704,0.0639763,0.00738127,0,0,0,0.013043887,0.0391389,0,0,0,0,0.007368226,0,0
B2_bin.68,0.009527088,0.018348811,0,0.007312162,0,0.027000258,0,0,0,0,0.085282765,0,0.006305521,0,0,0,0.022452561,0,0,0,0,0.013876947,0.093717,0.2279435,0.094533354,0,0,0,0.06225593,0,0,0,0,0,0,0,0
A2_bin.24,0.081865825,0.036690373,0.03307848,0.043733146,0,0.012718549,0.027093887,0,0.2050026,0.006393411,0,0,0,0.046633914,0,0,0,0.07699306,0,0,0.01727165,0.014779878,0,0,0.008957572,0,0,0.03841593,0.010822265,0.007843057,0,0.010084926,0.007600816,0.007083479,0.010623571,0,0
B1_bin.28,0,0.004604791,0,0,0,0.03852434,0,0,0,0.011326345,0,0,0.33024105,0,0,0,0,0,0,0,0,0.013538264,0.026199246,0.059575878,0,0,0,0,0,0,0,0,0,0.011106946,0,0,0
B2_bin.92,0.038892023,0.020096255,0,0,0,0,0,0,0,0,0,0,0.006013271,0,0,0,0,0,0,0,0,0.005197473,0.1509034,0,0,0,0,0.007244378,0,0,0,0,0,0,0,0,0
C_bin.145,0,0,0,0,0,0.16712026,0,0,0.008136814,0,0,0,0,0.032322213,0,0,0.028380059,0,0,0,0,0.06983881,0.0616176,0,0.025518667,0,0,0.015766189,0.05103882,0,0,0,0,0,0,0,0
B2_bin.5,0.018278394,0.008960115,0,0,0,0.039522033,0,0,0,0,0.03822104,0,0.009747487,0.01863194,0.007229695,0,0.15483546,0,0,0,0,0.054491617,0.041678846,0.049509093,0.093840666,0,0,0,0.105581045,0.012619145,0,0,0,0,0,0,0
C_bin.69,0,0,0,0,0.020234732,0,0,0,0,0,0,0,0,0,0.008921679,0,0,0,0,0,0,0,0,0,1.3080974,0,0,0,0,0,0,0,0,0,0,0,0
C_bin.50,0,0,0,0,0.018627973,0.014501373,0,0,0,0,0.18591605,0,0,0.019944241,0.092420764,0,0,0,0,0,0,0.013350929,0.005218842,0.007836554,0.03679883,0,0,0,0,0,0,0,0,0,0,0,0
B2_bin.99,0,0,0,0,0,0,0,0,0,0,0,0,0,0,0,0,0,0,0,0,0,0,0.38813505,0,0,0,0,0,0,0,0,0,0,0,0,0,0
B2_bin.96,0.017633924,0.017583158,0,0,0,0.1253415,0,0.008455978,0,0,0.023160689,0.005317435,0.07186744,0.02551556,0.029976007,0,0.2161883,0,0,0,0,0.031073693,0.06483598,0.022427771,0.08300174,0,0,0,0.32879016,0,0,0,0,0,0,0,0
B1_bin.43,0,0.004082548,0,0.009614869,0,0,0.018382793,0,0,0,0,0,0.15467356,0,0,0,0,0,0,0,0,0,0.01294436,0.015448133,0,0,0,0,0,0,0,0,0,0.003952452,0,0,0
C_bin.23,0,0,0,0,0,0.11747569,0,0,0,0,0.04144453,0,0.004468672,0.004331358,0.018987251,0,0.0087581,0,0,0,0,0.009204537,0.019496053,0.121034384,0.7372873,0,0,0.007273737,0.11765662,0,0,0,0,0,0,0,0
C_bin.179,0,0.035596058,0,0,0.009714402,0.028899644,0,0.63801265,0,0,0.03191551,0.006779134,0,0.005107311,0,0,0.041896384,0.029494537,0,0,0,0.009201521,0.008265182,0,0.07359664,0,0,0,0.076847136,0,0,0,0,0,0,0,0
C_bin.21,0,0,0,0,0.32414952,0,0,0,0,0,0.007144989,0.47038943,0,0,0.035399124,0,0,0,0,0,0,0,0,0,0,0,0,0,0,0,0,0,0,0,0,0,0
B1_bin.51,0,0.009591569,0.02391555,0.09172379,0,0.006382828,0.03640552,0,0.016557533,0.12345228,0.005650903,0,0.055893328,0.004007255,0.012464535,0,0,0.008071444,0,0,0,0.010505977,0.018100796,0,0,0,0,0.01357108,0,0.03544363,0,0,0,0.04055205,0.01386105,0,0
C_bin.2,0,0,0,0,0,0,0,0,0,0,0.059080508,0,0,0,0,0.010141963,0,0,0,0,0,0,0,0,0.40244323,0,0,0,0,0,0,0,0,0,0,0,0
C_bin.12,0,0.008953511,0,0,0.066246636,0.12055199,0,0,0,0,0.32287878,0,0,0,0.11355229,0,0,0,0,0,0,0.007831643,0,0,0,0,0,0,0,0,0,0,0,0,0,0,0
C_bin.61,0,0.039860085,0,0,0.053043243,0.044418722,0,0.58542216,0,0,0.024631096,0.10248822,0,0,0.10043515,0,0,0,0,0,0,0,0,0,0.015437079,0,0,0,0.02999009,0,0,0,0,0,0,0,0
B1_bin.11,0.14667012,0.03583086,0.029022608,0.08400608,0,0.3441761,0,0,0.046237566,0.014603712,0.15949507,0.005505275,0.23560339,0.061032575,0.0836178,0,0.047802158,0.048498817,0,0,0,0.20601916,0.17966525,0.18472503,0.31405684,0,0,0.01137828,0.19904678,0.13239764,0,0,0,0.06303781,0.034237064,0,0
B2_bin.47,0.108641766,0.22807796,0.026386203,0.04403208,0,0,0.025964284,0,0.016564291,0.036847916,0,0,0,0.012481126,0,0,0,0.02043119,0.00902334,0,0.016023796,0,0.007121567,0,0,0,0.015941087,0.018273983,0,0.021679012,0.032560907,0.008915067,0.005995053,0.025553985,0.035392057,0.016358646,0
B2_bin.34,0,0.007333741,0,0,0.46082562,0.0138956,0,0.021446979,0,0,0.036438182,0.6205704,0,0,0.04050176,0,0.11696786,0,0,0,0,0,0.010820338,0.20373255,0.4342318,0,0,0,0.019800944,0,0,0,0,0,0,0,0
C_bin.149,0,0,0,0,0.091120444,0,0,0,0,0,0.20113857,0.37784785,0,0,0.011426027,0,0,0,0,0,0,0,0,0,0.044608984,0,0,0,0,0,0,0,0,0,0,0,0
B2_bin.33,0,0.17907558,0,0,0,0.086207196,0,0.019615753,0.014826831,0,0,0.013136872,0.07883704,0.015386505,0,0,0.00892585,0,0,0,0,0.025820795,0.026182966,0.17408071,0,0,0,0,0,0.012481656,0,0,0,0.008526165,0,0,0
C_bin.161,0.06905782,0.03564641,0.015807226,0,0,0.11222736,0,0.010092246,0.016947715,0.0102523,0,0,0.032062683,0.025476912,0.011978707,0,0.01715723,0.025074787,0,0,0.01045538,0.1106944,0.04729226,0,0.007427546,0,0,0.023559095,0.063275285,0,0,0,0,0.004522025,0.005072535,0,0
B2_bin.44,0,0,0.010085076,0,0,0.0065855,0,0,0,0,0,0,0,0.03053971,0,0,0.09234078,0,0,0,0,0.00714318,0.08486739,0,0.02387223,0,0,0,0.04980685,0.01382208,0,0,0,0,0,0,0
C_bin.106,0,0,0,0,0.01767088,0.041186657,0,0.086443014,0,0,0.06411156,0.108001746,0.020585332,0,0.072255306,0,0.056773834,0,0,0,0,0,0.010442619,0,0.012619405,0,0,0,0.009017309,0,0,0,0,0,0,0,0
C_bin.184,0.005629768,0.042617854,0,0,0,0.03115307,0,0,0,0,0,0,0,0.008025033,0.02106773,0,0.014097765,0,0,0,0,0.1413208,0.037970554,0,0,0,0,0.011099068,0.010743578,0,0,0,0,0,0,0,0
C_bin.62,0,0,0,0,0.60021275,0,0,0,0,0,0.032655455,0.2999856,0,0,0.13893479,0,0,0,0,0,0,0,0,0,0,0,0,0,0,0,0,0,0,0,0,0,0
C_bin.63,0,0.006937554,0,0,0.051162664,0.046471313,0,0.010446509,0,0,0.022447173,0.08244656,0.029838929,0,0.08346906,0,0,0,0,0,0,0.006631602,0.021545189,0.01152738,0.015400416,0,0,0,0.009288481,0,0,0,0,0,0,0,0
C_bin.9,0,0,0,0,0,0.005523389,0,0.28124222,0,0,0.008817951,0,0,0.011982668,0,0,0.011644912,0,0,0,0,0,0,0,0.08274721,0,0,0,0.07053052,0,0,0,0,0,0,0,0
A2_bin.39,0.118839994,0.17961062,0.035165854,0.070450656,0,0,0.096845776,0,0.056052294,0.036164742,0.008090025,0,0,0.005732263,0,0,0,0.058541134,0.015041986,0,0.020603636,0.08028659,0,0,0,0,0,0.050885092,0,0.019657658,0,0.015146441,0.05962754,0.14605215,0.022494081,0,0
B1_bin.49,0,0,0,0,0,0,0,0.060924597,0,0,0,0,0.26085225,0,0,0,0,0,0,0,0,0.00927579,0.005196281,0,0,0,0,0,0,0,0,0,0,0,0,0,0
C_bin.46,0,0,0,0,0.087613195,0,0,0,0,0,0.092679195,0.21182966,0,0,0,0,0,0,0,0,0,0,0,0,0.03865786,0,0,0,0,0,0,0,0,0,0,0,0
B1_bin.53,0,0,0,0.008087867,0,0,0,0,0,0,0,0,0,0,0,0,0,0.008551024,0.31484377,0.007117257,0.06051161,0,0,0,0,0,0,0.01015549,0,0,0,0.016739663,0,0,0,0,0
B2_bin.88,0,0,0,0,0,0,0,0,0,0,0,0,0,0,0,0,0,0,0,0,0,0,0.1456316,0.078712344,0,0,0,0,0,0,0,0,0,0,0,0,0
C_bin.93,0.07317424,0.057065673,0,0,0,0.09643882,0,0,0.016026758,0.08156325,0.003971126,0,0.05099755,0.038954638,0.026569389,0,0.021699842,0.088285156,0,0,0,0.22925861,0.2546573,0,0,0,0,0.030587578,0,0,0,0,0,0,0,0,0
C_bin.138,0,0,0,0,0.055082273,0,0,0,0,0,0.007098179,0.19804247,0,0,0.019976396,0,0,0,0,0,0,0,0,0,0,0,0,0,0,0,0,0,0,0,0,0,0
B2_bin.11,0.0616723,0.24458772,0.09243987,0,0,0.07300056,0,0,0.015047149,0,0,0,0,0,0.01313556,0,0,0,0,0,0,0.09707556,0,0,0,0,0,0.010306631,0,0,0,0,0,0,0,0,0
B2_bin.46,0,0,0,0,0,0,0,0,0,0,0,0,0,0,0.007321365,0,0.13767062,0,0,0,0,0.004886645,0.13069925,0.026934618,0.13629772,0,0,0,0,0,0,0,0,0,0,0,0
C_bin.22,0,0,0,0,0,0.080629595,0,0.108405575,0,0,0.008887668,0.09783155,0,0,0.07798292,0,0,0,0,0,0,0,0,0.042375967,0.049713176,0,0,0,0,0,0,0,0,0,0,0,0
B2_bin.82,0,0,0,0,0,0,0,0,0,0,0,0,0,0,0,0.095437884,0.040093616,0,0,0,0,0,0,0,0,0.27891952,0,0,0,0,0,0,0,0,0,0,0
C_bin.143,0,0,0,0,0.07224089,0.022302754,0,0,0,0,0.05209668,0.10624231,0,0.032120064,0.13728286,0,0,0,0,0,0,0.005203511,0,0,0,0,0,0,0,0,0,0,0,0,0,0,0
C_bin.181,0,0,0,0,0,0.007245119,0,0.023641432,0,0,0,0,0,0.012743756,0,0,0.2266725,0,0,0,0,0,0,0,0.48271972,0,0,0,0.081559524,0,0,0,0,0,0,0,0
C_bin.140,0.020942286,0.04363843,0,0,0,0.26536006,0,0.014142062,0,0,0.009703174,0,0,0.008439127,0.023423053,0,0,0,0,0,0,0.010169435,0.038958203,0.12524422,0.058476087,0,0,0,0.10036483,0.010513384,0,0,0,0,0,0,0
A1_bin.10,0.010705942,0.004924457,0.01851393,0,0.010093313,0,0.038854137,0,0.006257318,0,0,0.011575022,0.006300885,0.010769737,0.016634936,0,0,0.007480715,0.028792322,0.101169914,0.030179704,0.004541001,0.004522034,0,0,0,0.005440306,0.03712231,0,0.04025197,0.050572842,0.041851304,0.1419052,0.009379143,0.011566188,0.11403759,0.030439902
B2_bin.37,0,0.01858346,0,0,0,0.015055915,0.012221882,0,0,0,0,0,0.006712798,0,0,0,0,0,0,0,0,0,0.16961418,0.006125246,0,0,0,0,0,0,0,0,0,0.009214854,0,0,0
C_bin.131,0,0,0,0,0,0.29457256,0,0,0,0,0.022291176,0,0,0,0,0,0,0,0,0,0,0,0,0,0,0,0,0,0,0,0,0,0,0,0,0,0
A2_bin.25,0.023797309,0.045328777,0.07870671,0.020094343,0,0.006266135,0.022737205,0,0.014630524,0.013055435,0,0,0,0.01928725,0,0,0,0.03389253,0.021665059,0,0,0.027788121,0.018280141,0,0,0,0,0.01105965,0.023314388,0.061577097,0,0,0.023069749,0.023153683,0.042160936,0.007324838,0
C_bin.173,0,0,0,0,0.5237148,0,0,0,0,0,0.022832721,0.0432935,0,0,0.007519311,0,0,0,0,0,0,0,0,0,0.031773377,0,0,0,0,0,0,0,0,0,0,0,0
A2_bin.15,0,0.022437708,0.08311553,0.016071623,0,0,0.032123733,0,0,0,0,0,0,0,0,0,0,0.020483775,0,0,0.008814434,0,0,0,0,0,0,0.013519478,0,0.0209334,0,0.006818274,0.009914568,0.07751651,0.018451676,0.014732577,0
C_bin.39,0,0,0,0,0.061026853,0,0,0,0,0,0.17104945,0.05558289,0,0,0.013031739,0,0.026560325,0,0,0,0,0,0,0,0.03477295,0,0,0,0,0,0,0,0,0,0,0,0
A2_bin.29,0.29799372,1.4895345,0.18610436,0.119788006,0.007598288,0.14191708,0.08847159,0,0.06021475,0.17708676,0.014573869,0,0.1949854,0.011191314,0.056469925,0,0,0.18152502,0.007614404,0,0.03128129,0.72013485,0.20575298,0,0,0,0,0.040872954,0,0.05026052,0,0.009476555,0.033415552,0.22222695,0.034582492,0,0
C_bin.4,0,0,0,0,0,0,0,0,0,0,0,0.41040087,0,0,0,0,0,0,0,0,0,0,0,0,0,0,0,0,0,0,0,0,0,0,0,0,0
B2_bin.27,0,0,0,0,0,0,0,0,0,0,0,0,0,0,0,0.05904604,0,0,0,0,0,0,0,0,0,0.5538945,0,0,0,0,0,0,0,0,0,0,0
A1_bin.5,0,0.05353549,0.021448573,0,0,0,0.13229048,0,0.010797718,0,0,0,0,0,0,0,0,0,0.018812964,0,0.07934588,0,0,0,0,0,0,0.013741932,0,0,0,0.09364806,0.12852973,0.005433391,0,0.0531353,0
A2_bin.45,0,0,0,0,0,0.08454356,0,0,0,0,0.008982547,0,0,0,0,0,0,0,0,0,0,0,0,0,0,0,0.034286216,0.83656955,0,0,0.00828809,0,0,0,0,0,0
B1_bin.24,0.0182662,0.089422464,0,0,0,0.25294396,0,0,0,0,0.027180733,0.009477891,0.1683494,0.033325426,0.028058048,0,0.09135924,0.00639336,0,0,0,0.23614167,0.15338272,0.022690339,0.049368557,0,0,0.019334018,0.2591719,0.006368482,0,0,0,0,0,0,0
B2_bin.23,0,0,0,0,0,0.01341568,0,0,0,0,0,0,0.05111619,0.012496904,0.011092225,0,0.08031609,0,0,0,0,0.039339352,0.28501102,0,0,0,0,0,0.006533889,0,0,0,0,0,0,0,0
A2_bin.17,0.027614804,0.017201355,0.036404416,0,0.007380188,0.015964555,0.022422487,0,0.05577205,0.030838095,0,0,0,0.097719416,0.011170093,0,0,0.14144856,0.028559146,0.007886592,0.07265356,0.01782988,0.004035973,0,0,0,0.012466192,0.07386187,0,0.011789019,0.5844907,0.063704364,0.028537862,0.01306398,0.042324647,0.008709135,0.005825984
B2_bin.16,0,0,0,0,0,0,0,0,0,0,0,0,0,0,0,0.16290139,0,0,0,0,0,0,0,0,0,0.19421612,0,0,0,0,0,0,0,0,0,0,0
B2_bin.78,0,0.046714127,0,0,0.00900963,0.05419895,0,0,0,0,0.007529426,0,0.06108182,0.009400203,0.098267205,0,0.011318178,0,0,0,0,0.015174585,0.1705676,0,0,0,0,0,0,0,0,0,0,0,0,0,0
B2_bin.55,0,0,0,0,0,0.1452297,0,0,0,0,0,0,0.107138835,0.2559483,0,0,0,0,0,0,0,0.007189818,0.056287233,0,0,0,0,0,0,0,0,0,0,0,0,0,0
B2_bin.19,0,0.025928132,0,0,0,0.06172747,0,0,0,0,0,0,0.11990365,0.006693572,0.03378466,0,0.008233121,0,0,0,0,0.037677508,0.19400524,0,0,0,0,0,0,0,0,0,0,0,0,0,0
C_bin.130,0,0.002915192,0,0,0,0.05021063,0,0.24966815,0.007059643,0,0.028927907,0,0,0.02195807,0,0,0,0,0,0,0,0.084352344,0.00975339,0,0.007888532,0,0,0,0,0,0,0,0,0,0,0,0
B2_bin.61,0,0,0,0,0,0,0,0,0,0,0,0,0,0,0,0,0,0,0,0,0,0,0,0,0,1.3344427,0,0,0,0,0,0,0,0,0,0,0
B2_bin.35,0.027290933,0.08491795,0.03719285,0.0320537,0,0.031289306,0.006733526,0,0.03253627,0.031059546,0.006640575,0,0.008997921,0.11206544,0,0,0.016815195,0.08018832,0.00946537,0,0,0.039020933,0.06830456,0,0,0,0.013216718,0.029841684,0.018642578,0.06409167,0,0,0,0,0.019647945,0,0
B2_bin.49,0.004577498,0.17583366,0,0,0.24624927,0.10367313,0,0.1443245,0,0,0.023218885,0,0.118055426,0,0.13758618,0,0,0,0,0,0,0.0350889,0.04195102,0,0.005993153,0,0,0,0,0,0,0,0,0,0,0,0
A2_bin.7,0.08003811,0.05460673,0.04163428,0.048456013,0,0.014698623,0.07697479,0,0.0636482,0.024264628,0.00691974,0,0,0.062471688,0,0,0,0.039596073,0.092288524,0.020045402,0.11315082,0.019227142,0,0,0,0,0.058429983,0.10405467,0,0.05533249,0.04569222,0.043469436,0.07039442,0.06854665,0.04643565,0.045579378,0.010927126
B2_bin.57,0,0.22074273,0,0,0,0,0,0,0,0.019055216,0,0,0.06592546,0,0,0,0,0,0,0,0,0,0.005367163,0.008483094,0,0,0,0,0,0.006588825,0,0,0,0.007299102,0,0,0.01319189
C_bin.1,0,0,0,0,0.077835254,0,0,0.008516581,0,0,0.14013523,0.0081747,0,0,0.084180415,0,0,0,0,0,0,0.040562704,0,0,0.019679682,0,0,0,0,0,0,0,0,0,0,0,0
C_bin.16,0,0,0,0,0.005214651,0,0,0,0,0,0.03341145,0.40418336,0,0,0.006835595,0,0,0,0,0,0,0,0,0,0,0,0,0,0,0,0,0,0,0,0,0,0
B2_bin.89,0,0,0,0,0,0,0,0.0069785,0,0,0,0,0,0,0,0.010812352,0,0,0,0,0,0,0,0,0,0.37783238,0,0,0,0,0,0,0,0,0,0,0
B2_bin.50,0,0,0,0,0,0,0,0,0,0,0,0,0,0,0,0.10562772,0.061960768,0,0,0,0,0,0,0,0,0.15231124,0,0,0,0,0,0,0,0,0,0,0
C_bin.163,0.028045218,0.12699784,0,0,0.21748327,0.01161255,0,0.050077833,0,0,0,0,0.19915585,0,0.02974761,0,0,0,0,0,0,0.009109227,0.010794737,0,0,0,0,0,0,0,0,0,0,0,0,0,0
B2_bin.51,0,0.06589856,0.01638702,0.029010259,0,0.22613166,0,0.008134034,0,0.051129285,0.08629698,0,0.055591535,0.43570334,0.022725817,0,0.14333299,0.10635648,0,0,0,0.019282198,0.11099203,0.008559727,0,0.007769677,0,0.012290297,0.07016507,0,0,0,0,0,0,0,0
C_bin.111,0,0,0,0,0.037954465,0,0,0,0,0,0.37606075,0.014831319,0,0,0.039046135,0,0,0,0,0,0,0,0,0,0.007967522,0,0,0,0,0,0,0,0,0,0,0,0
C_bin.158,0,0,0,0,0.008418967,0.004883173,0,0.016407434,0,0,0.005233699,0.28753436,0,0,0,0,0,0,0,0,0,0,0,0,0.01900626,0,0,0,0,0,0,0,0,0,0,0,0
C_bin.134,0,0,0,0,0.056990128,0,0,0,0,0,0.05958972,0.007314846,0,0.055350807,0.7264853,0,0,0,0,0,0,0.020144114,0,0,0,0,0,0,0,0,0,0,0,0,0,0,0
B1_bin.40,0.07271663,0.025280733,0.02793995,0.06199244,0,0.007476147,0.012319805,0,0.04976779,0.05845916,0.028292762,0,0,0.006362617,0,0,0,0.071272865,0,0,0.010280144,0.014432062,0.034882925,0,0.017559646,0,0,0,0.05196757,0.014373283,0,0,0,0.017401738,0.008923687,0,0
C_bin.185,0,0,0,0,0,0,0,0,0,0,0,0,0,0,0,0,0,0,0,0,0,0,0,0,0.31277278,0,0,0,0,0,0,0,0,0,0,0,0
A2_bin.8,0,0.009833084,0,0,0,0.05467911,0.040431708,0.011851431,0.25024176,0,0,0,0,0.03692334,0.016943453,0,0,0.006108381,0,0,0,0.010233009,0,0,0,0,0,0,0,0.005105319,0,0,0,0,0,0,0
C_bin.124,0,0.08705952,0.011322405,0,0,0.16063863,0,0.04243981,0.047137078,0,0.103147835,0,0.01239924,0,0.038343236,0,0,0,0,0,0,0.042206913,0.118168645,0,0.02511862,0,0,0,0,0,0,0,0,0,0,0,0
C_bin.159,0.037067853,0.123985365,0.025461286,0.00970456,0,0.061883826,0,0.03605409,0.11885315,0,0.024135197,0,0,0,0.015281778,0,0,0.007099207,0,0,0.011372644,0.08223697,0.008984557,0,0.057346147,0,0,0.010425574,0.010687843,0.006249276,0,0,0,0,0.013473813,0,0
A2_bin.12,0.032541327,0,0.029262705,0.015445036,0,0,0.011911437,0,0.0462048,0,0,0,0,0.018247584,0,0,0,0.023314415,0.007105281,0,0.014199859,0.00737929,0,0,0.016276143,0,0,0,0,0.034611322,0.018871434,0,0.0314913,0.02157579,0.075569555,0.008295796,0
C_bin.11,0.046212494,0.07466781,0,0.011036439,0.007296399,0.17180452,0,0.06398881,0,0.00744453,0.23048735,0.01643271,0.3501238,0.022476481,0.15015598,0.007497086,0.1558203,0,0,0,0,0.10838443,0.16096057,0.42611971,0.96574664,0,0,0,0.51824874,0.03428467,0,0,0,0.004659404,0,0,0
A2_bin.21,0,0,0.020526774,0,0,0,0,0,0,0,0,0,0,0,0,0,0,0,0,0,0,0,0,0,0,0,0,0,0,0.00582473,0,0,0,0.16487187,0.1503848,0,0
C_bin.66,0,0.003246216,0,0,0.060598284,0.007958949,0,0.021198072,0,0,0.022269724,0.24886361,0,0,0.040132828,0,0,0,0,0,0,0,0,0,0,0,0,0,0,0,0,0,0,0,0,0,0
A2_bin.36,0,0,0.0737888,0.026348118,0,0,0.01598726,0,0.066645876,0.016568081,0,0,0,0.037623048,0,0,0,0.06637847,0.005162546,0,0.009493988,0.008415218,0.007849176,0,0,0,0.015944168,0.01433298,0.015476475,0.049389523,0,0,0.018184243,0.02044814,0.040889807,0.00618204,0
C_bin.151,0,0.003868077,0,0,0.011244396,0.04378597,0,0.057430886,0,0,0.08230621,0.024032228,0,0.008437405,0.03588149,0,0,0,0,0,0,0,0.007094178,0,0.40455377,0,0,0,0.2251022,0,0,0,0,0,0,0,0
B2_bin.64,0,0.006328327,0,0.007582026,0,0,0,0,0,0,0,0,0,0,0,0,0,0.013070685,0,0,0,0,0.11180786,0.21896997,0,0,0,0,0.007386981,0,0,0,0,0,0,0,0
B1_bin.15,0,0.004801884,0,0,0,0,0,0,0,0,0,0,0.24128601,0,0,0,0,0,0,0,0.014348902,0,0.008555057,0,0,0,0,0,0,0,0,0,0,0,0,0,0
B1_bin.3,0,0,0,0.02418053,0,0,0.007345005,0,0,0.2585747,0,0,0,0,0,0,0,0,0,0,0.024306862,0,0,0,0,0,0,0,0,0.008382344,0,0,0,0.014628636,0,0.005673878,0
C_bin.20,0,0,0,0,0,0.078655146,0,0.07795932,0.021190168,0,0.015245101,0,0,0,0.06693372,0,0,0,0,0,0,0.036930706,0,0,0.05046926,0,0,0,0,0,0,0,0,0,0,0,0
B2_bin.80,0.01222654,0.014463672,0,0,0.010106981,0.18264787,0,0,0,0,0.05057659,0.010958784,0.033712067,0.012258857,0.04698019,0,0.15851393,0,0,0,0,0.021462018,0.11052604,0.05515324,0.18681291,0.009024999,0,0,0.11925782,0,0,0,0,0,0,0,0
B1_bin.21,0.031234039,0.14450842,0.043176565,0.059311733,0.007604593,0.041810937,0.025279922,0.018152343,0.05249133,0.098854296,0.025885824,0,0.26809558,0.06521885,0.018473852,0,0.016437098,0.084628664,0.044093896,0,0.04621579,0.027744493,0.061806157,0.057912312,0.01792986,0,0.016039215,0.019042384,0.041267965,0.04365605,0.025912765,0.005344139,0.011371043,0.015983403,0.054321345,0.017058238,0
B2_bin.73,0.008412137,0.17635947,0.008362112,0,0,0,0.006087639,0,0,0,0,0,0,0,0,0,0,0,0,0,0,0,0.020884288,0,0,0,0,0,0.008046904,0,0,0,0,0,0,0,0
B1_bin.22,0.008999604,0.019687999,0,0,0,0,0,0,0,0,0,0,0.39121324,0,0,0,0,0,0,0,0,0.006995376,0.027885782,0.010174588,0,0,0,0,0,0,0,0,0,0.008574156,0,0,0
B2_bin.52,0.026499216,0.8855956,0.01191713,0.010405544,0.07393127,0.35049403,0,0.8465518,0.012105836,0.014473967,0.07092658,0.13550441,0.08087245,0.005768154,0.255936,0,0.017514644,0.014808348,0,0,0,0.076068275,0.08998614,0.009973326,0.02268795,0,0,0,0.04110902,0,0,0,0,0.010656586,0,0,0
C_bin.97,0.12257942,0.017042633,0,0,0.06551301,0.18542014,0,0.03789629,0.009522176,0,0.039100565,0,0.004868001,0.026807979,0.020609116,0,0.029983094,0.01401218,0,0,0,0.022557376,0.013822524,0,0.14250104,0,0,0,0.09031549,0,0,0,0,0,0,0,0
B1_bin.50,0,0,0,0.009206852,0,0.017962614,0,0,0,0,0.026079914,0,0,0.052720554,0,0,0.012248404,0.05154114,0,0,0,0.02671316,0,0,0.04325127,0,0,0.007945842,0.208099,0,0,0,0,0,0,0,0
C_bin.8,0,0.00441894,0,0,0.4814287,0.009976321,0,0.041263606,0,0,0.5858538,0.36260295,0,0,0.08789762,0,0,0,0,0,0,0,0,0,0.1116487,0,0,0,0,0,0,0,0,0,0,0,0
C_bin.167,0,0,0,0,0.010769334,0.010009319,0,0.21022424,0,0,0.49634582,0.039662454,0,0,0.27037424,0,0.058176458,0,0,0,0,0,0,0,0.031217605,0,0,0,0.10897516,0,0,0,0,0,0,0,0
B2_bin.13,0,0.43109146,0,0,0,0,0,0,0,0.006987499,0,0,0,0,0,0,0,0.010844248,0,0,0,0,0,0,0,0,0,0,0,0,0,0,0,0,0,0,0
C_bin.65,0.006386967,0.00658859,0,0,0,0.023345988,0,0.092984535,0,0,0.015650174,0,0.012218136,0,0.019370142,0,0.010909718,0,0,0,0,0,0,0.007933087,0.07309957,0,0,0,0.032330886,0,0,0,0,0,0,0,0
C_bin.56,0.012013474,0.015479873,0,0,0.016993672,0.09805864,0,0,0,0,0.13224266,0.010451794,0.012929316,0.004439603,0.028943313,0,0.034947574,0,0,0,0,0.064956285,0.04360277,0.06411376,0.105854146,0,0,0,0.07178936,0.004810211,0,0,0,0.004401481,0,0,0
C_bin.27,0,0,0,0,0.038580548,0,0,0,0,0,0,0.35113183,0,0,0,0,0,0,0,0,0,0,0,0,0,0,0,0,0,0,0,0,0,0,0,0,0
C_bin.118,0,0,0,0,0.15783145,0,0,0,0,0,0,0.5813321,0,0,0.021177258,0,0,0,0,0,0,0,0,0,0,0,0,0,0,0,0,0,0,0,0,0,0
C_bin.186,0,0.02762469,0.005483366,0,0,0.02334581,0,0.21584,0.011095792,0,0.036049783,0.019612482,0.016960694,0.006139119,0,0,0,0.020007532,0,0,0,0.014767997,0.015773484,0.015713906,0.00750545,0,0,0,0.022907332,0.005092266,0,0,0,0,0,0,0
B2_bin.69,0,0,0,0,0,0,0,0,0,0,0,0,0,0,0,0.14773814,0,0,0,0,0,0,0,0,0,0.29325598,0,0,0,0,0,0,0,0,0,0,0
A1_bin.13,0.66942084,0.1380468,0.35325387,0.4273675,0.00636336,0.072455406,0.15136318,0,0.3943576,0.3419594,0.038003203,0.016638977,0.007469976,0.40702805,0,0,0.007377806,0.33743873,0.2020061,0,0.2406714,0.21762457,0.07419352,0,0.17581406,0,0.033053655,0.25438303,0.85735524,0.43259856,0.034766827,0.031898804,0.095583625,0.2739656,0.32681587,0.100020036,0
C_bin.100,0,0,0,0,0.22800814,0,0,0,0,0,0.013727998,0,0,0,0.019666804,0,0,0,0,0,0,0,0,0,0.014482632,0,0,0,0,0,0,0,0,0,0,0,0
B2_bin.3,0.006265475,0.27731064,0,0,0,0,0,0,0,0,0,0,0,0,0,0,0,0,0,0,0,0,0.018719079,0,0,0,0,0,0.01874155,0,0,0,0,0,0,0,0
B2_bin.86,0,0.114674136,0.014052616,0,0,0.005106129,0.07101029,0,0.13551983,0.004976309,0,0,0.0662105,0,0,0,0,0,0,0,0,0,0.016600918,0.09464071,0,0,0.005333975,0,0,0,0,0,0,0,0,0,0
A2_bin.43,0.005439465,0.009193551,0.09267871,0.007781771,0,0,0.035117302,0,0.017440932,0.020655056,0,0,0,0,0,0,0,0,0.00885484,0,0.022646807,0,0,0,0,0,0,0,0,0.09650033,0,0,0.030387882,0.026629934,0.058040053,0.02778998,0
B2_bin.54,0,0,0,0,0.005546664,0,0,0,0,0,0.011073026,0,0,0,0.01981843,0.45686653,0,0,0,0,0,0,0,0,0,0.4984011,0,0,0,0,0,0,0,0,0,0,0
C_bin.135,0,0,0,0,0.072716154,0,0,0,0,0,0.017960949,0.21260495,0,0,0.008280388,0,0,0,0,0,0,0,0,0,0,0,0,0,0,0,0,0,0,0,0,0,0
C_bin.114,0.006190533,0.008852936,0,0,0,0.037734594,0,0.015860219,0,0,0.04330636,0,0.01229753,0,0.013821336,0,0,0,0,0,0,0.029947875,0.01925876,0.011530467,0.19858035,0,0,0,0.122319266,0,0,0,0,0,0,0,0
A2_bin.47,0,0.06294269,0.022898952,0,0,0.01574269,0.17386504,0,0.03806041,0,0,0,0,0.007469527,0,0,0,0,0,0,0,0.004013156,0.034826726,0,0,0,0,0,0,0,0,0,0,0,0,0,0
B1_bin.34,0,0,0,0,0,0,0,0,0,0,0,0,0,0,0,0,0,0,0,0,0.47720894,0,0,0,0,0,0,0,0,0,0,0,0,0,0,0,0
C_bin.76,0,0.005331649,0,0,0,0.032417294,0,0.10640347,0.008161801,0,0.20322901,0,0,0.019943144,0.10712559,0,0,0.017931113,0,0,0,0.014452833,0.020773431,0.006604011,0.016034286,0,0,0,0,0,0,0,0,0,0,0,0
B1_bin.44,0,0.0411182,0,0,0.10195228,0.30312812,0,0.37164715,0,0,0.3157558,0.089677766,0.7431272,0.014862135,0.7367407,0,0.027867232,0,0,0,0,0.018964665,0.16679758,0.05753196,0.13042428,0,0,0,0.119725645,0,0,0,0,0,0,0,0
C_bin.146,0,0,0,0,0.11304978,0,0,0,0,0,0,0.30132172,0,0,0.007269159,0,0,0,0,0,0,0,0,0,0,0,0,0,0,0,0,0,0,0,0,0,0
C_bin.89,0,0,0,0,0,0.013868628,0,0.07536177,0.021557612,0,0.04565638,0,0,0.006615193,0.12755798,0,0,0.018247755,0,0,0,0.021821273,0.018558765,0.13973321,0.006402635,0,0,0,0.0084519,0,0,0,0,0,0,0,0
C_bin.81,0,0.022195188,0,0,0.013023951,0.09539804,0,0.062688075,0,0,0.4560645,0.02602685,0,0,0.059047766,0,0.08301719,0,0,0,0,0.022607824,0.07566422,0.009769965,0.022314165,0,0,0,0.016706904,0,0,0,0,0,0,0,0
B2_bin.62,0.026643349,0.12836704,0,0.062921874,0,0.019818,0,0,0.010250475,0.08880419,0.008009204,0,0.060365383,0.032733135,0.015847312,0,0,0.029390668,0,0,0,0.17747746,0.21960348,0.011347189,0,0,0,0.018505167,0,0.008940828,0,0,0,0.033559527,0,0,0
B2_bin.65,0,0.22319227,0.006067444,0,0,0,0.010152229,0,0,0.009266428,0,0,0.008563383,0,0,0,0,0,0,0,0,0.005552868,0,0,0,0,0,0,0,0,0,0,0,0,0.00554654,0,0
C_bin.125,0.017836532,0.011802803,0,0,0.01247748,0.13581167,0,0.3229095,0,0,0.1622564,0.009275432,0.013147397,0.01553319,0.22056158,0,0.073085494,0,0,0,0,0,0.00772249,0.02341557,0.6473104,0,0,0,0.18881819,0,0,0,0,0,0,0,0
C_bin.19,0,0,0,0,0.40694335,0,0,0.027487233,0,0,0.028190758,0.41318393,0,0,0.15831676,0,0,0,0,0,0,0,0,0,0,0,0,0,0,0,0,0,0,0,0,0,0
C_bin.105,0,0,0,0,0.00855494,0,0,0.058097426,0,0,0.34829983,0.07612306,0.010549702,0,0.1767256,0,0.08080391,0,0,0,0,0,0,0.05571924,0.06479814,0,0,0,0.017443383,0,0,0,0,0,0,0,0
C_bin.127,0,0.030816877,0,0,0.06305533,0.2724506,0,0.018048326,0,0,0.017291613,0.13908088,0.16687799,0.030750707,0.10574903,0,0,0,0,0,0,0,0.038310315,0.07109866,0,0,0,0,0,0,0,0,0,0,0,0,0
C_bin.128,0,0.005227995,0,0,0.14889824,0.010170956,0,0,0,0,0.032370687,0.053409398,0.008129515,0,0.1301313,0,0,0,0,0,0,0,0.005119755,0,0,0,0,0,0,0,0,0,0,0,0,0,0
A2_bin.41,0.007441344,0.035933454,0,0,0,0,0.010288378,0,0,0.030692264,0,0,0,0,0,0,0,0,0,0,0,0.017696526,0,0,0,0,0,0,0,0,0,0,0,0.17653903,0,0,0
C_bin.5,0.006959152,0,0,0,0,0.06156268,0,0.084020175,0,0,0.14840813,0.00948712,0,0,0.03242863,0,0,0,0,0,0,0.007361741,0.011586453,0.04430861,0.2449579,0,0,0,0.13272883,0,0,0,0,0,0,0,0
B2_bin.7,0.009516072,0.005771518,0,0,0,0.049303763,0,0,0.007838992,0,0,0,0.018588264,0.09505622,0.011711989,0,0.10193606,0,0,0,0,0.024756745,0.2066834,0.008874314,0.013036029,0,0,0.005721224,0.038215138,0.011009983,0,0,0,0,0,0,0
B1_bin.29,0.015187975,0.031901103,0.02169439,0.19244026,0,0.008522936,0.030809266,0,0.019055517,0,0.006015386,0,0,0,0,0,0,0.024531147,0,0,0,0.016550485,0.004283435,0,0,0,0,0.020989524,0,0.01432032,0,0,0,0.030354315,0.016626975,0,0
C_bin.141,0,0,0,0,0.067798294,0,0,0.15202744,0,0,0.005626238,0.007926381,0,0,0.026082555,0,0,0,0,0,0,0,0,0,0.022612587,0,0,0,0,0,0,0,0,0,0,0,0
B2_bin.12,0,0,0,0,0,0,0,0,0,0,0,0,0,0,0,0.034431882,0.021517966,0,0,0,0,0,0.009759909,0,0,0.24141307,0,0,0,0,0,0,0,0,0,0,0
B2_bin.58,0.014109658,0.09807086,0,0,0,0.007408976,0,0,0.007588148,0.016506936,0,0,0.17190461,0,0,0,0,0,0,0,0,0,0.024816405,0.07461345,0,0,0,0,0,0.014404689,0,0,0,0.054560445,0.005497984,0,0
A2_bin.6,0.04503783,0.005536367,0.042911608,0.01744947,0,0.006849072,0.016874231,0.03062861,0.15812242,0.012022332,0.004170903,0,0,0.04276553,0,0,0,0.052494917,0.041145105,0,0.042263966,0.013892241,0.004466876,0,0.008603633,0,0,0.009160657,0.02372251,0.016399926,0.02046003,0.01160078,0.010307463,0.008725293,0.04370838,0,0
B2_bin.59,0,0,0,0,0,0.008821182,0,0,0,0,0.00520643,0,0.014206898,0.015839677,0.030203706,0,0.07648512,0,0,0,0,0,0.28940862,0.022492107,0.027136143,0.010891872,0,0,0.020926371,0,0,0,0,0,0,0,0
C_bin.121,0,0.147303,0,0,0.018715741,0.05625324,0,0.024423216,0,0,0.042056665,0.024638727,0,0,0.23834969,0,0,0,0,0,0,0.027783196,0.014522878,0,0.007854619,0,0,0,0,0,0,0,0,0,0,0,0
C_bin.113,0,0,0,0,0.124242134,0,0,0,0,0,0,0.14276518,0,0,0.16681461,0,0,0,0,0,0,0,0,0,0,0,0,0,0,0,0,0,0,0,0,0,0
A2_bin.38,0,0,0.06261998,0.031779557,0,0,0.006235956,0,0.05755167,0,0,0,0,0.02678457,0,0,0,0.06447038,0,0,0.025802277,0,0,0,0,0,0.0485032,0.009969329,0,0.09304853,0.17469008,0,0.02152845,0.02167917,0.07528792,0.030529901,0.005465515
A2_bin.44,0.008760901,0,0.2285561,0.026608234,0,0,0.052583523,0,0.08940953,0.022254465,0,0,0,0.013652138,0,0,0,0.018198181,0.15522414,0.07141352,0.12261514,0.007782014,0,0,0,0,0.025315728,0.014965909,0,0.10803802,0.024305994,0.021094503,0.20279111,0.026251785,0.16897313,0.17035244,0.067360826
C_bin.101,0,0.008797904,0,0,0.025422562,0.017073002,0,0.08513855,0,0,0.037626877,0.024938213,0,0,0.092059135,0,0,0,0,0,0,0.0714062,0,0,0.19081783,0,0,0,0,0,0,0,0,0,0,0,0
C_bin.31,0,0,0,0,0.010270624,0,0,0,0,0,0.13583551,0,0,0,0,0,0,0,0,0,0,0.026216593,0,0,0,0,0,0,0,0,0,0,0,0,0,0,0
B2_bin.25,0.027394388,0.107449405,0.02194633,0.012636627,0,0.013279378,0.008814084,0,0.011159477,0,0,0,0.09801796,0.011115002,0,0,0.008109121,0.015937151,0,0,0,0.027605815,0.13329406,0.006252928,0,0,0,0.008547625,0.009394066,0.014452492,0,0,0.011146879,0.008262117,0.01031592,0,0
A2_bin.34,0.009829926,0,0.036094278,0.019813603,0.01505439,0,0.028862737,0,0.07494284,0.013981009,0,0.007880969,0.004623941,0.016115261,0.011942765,0,0,0.04886428,0.04064578,0.020260464,0.075920194,0.004555332,0.004050254,0,0,0,0.013975089,0.028796203,0,0.029658832,0.1459443,0.07729719,0.10011687,0.007334321,0.08246656,0.025842214,0.006939763
B2_bin.8,0,0,0,0,0,0.004851409,0,0.032046214,0,0,0,0,0,0,0,0.08154674,0.011855624,0,0,0,0,0,0.01896216,0,0,0.8461105,0,0,0,0,0,0,0,0,0,0,0
C_bin.104,0,0,0,0,0,0.38726,0,0,0,0,0.014332847,0,0,0.0729222,0.008917199,0,0.11320486,0,0,0,0,0.04218333,0.018642278,0,0,0,0,0,0.12906155,0,0,0,0,0,0,0,0
B2_bin.48,0,0.06959034,0.060179517,0.023663552,0,0,0.16129903,0,0.034196634,0.010820527,0,0,0,0.02474511,0,0,0,0.031596225,0,0,0,0,0.048622664,0,0,0,0.019004632,0.008206568,0,0.027814971,0,0,0,0.005892887,0.044355735,0,0
C_bin.90,0,0,0,0,0.10714001,0,0,0,0,0,0.17592143,0,0,0,0.11429526,0,0,0,0,0,0,0.014365499,0,0,0.01093251,0,0,0,0,0,0,0,0,0,0,0,0
B2_bin.63,0,0,0,0,0,0,0,0,0,0,0,0,0,0,0,0.28530812,0,0,0,0,0,0,0,0,0,0.036064982,0,0,0,0,0,0,0,0,0,0,0
B2_bin.26,0,0,0,0,0,0,0,0,0,0,0,0,0,0,0,0.095872454,0,0,0,0,0,0,0,0,0,0.30972898,0,0,0,0,0,0,0,0,0,0,0
B1_bin.17,0.06197314,0.06683089,0,0.041331112,0,0.035888772,0,0,0.006666993,0.011529635,0.012345734,0,0.12158225,0.008369595,0.022039145,0,0,0.055593826,0,0,0,0.14533062,0.02985638,0.009964059,0.01716277,0,0,0.006137382,0,0,0,0,0,0,0,0,0
B1_bin.19,0,0,0,0,0,0.025746334,0,0,0,0,0,0,0.61965424,0.032546643,0.04303987,0.011166903,0.01903122,0,0,0,0,0,0.07560195,0,0,0.057714358,0,0,0,0,0,0,0,0,0,0,0
B2_bin.87,0,0,0,0,0,0,0,0,0,0,0,0,0,0,0,0,0,0,0,0,0,0,0,0,0,0.30590045,0,0,0,0,0,0,0,0,0,0,0
C_bin.166,0,0.006417768,0,0,0.006343695,0.11161933,0,0.108709335,0,0,0.042412758,0.016631246,0.008818124,0,0.13033697,0,0,0,0,0,0,0.032300144,0.006531019,0,0.011584415,0,0,0,0,0,0,0,0,0,0,0,0
C_bin.126,0,0,0,0,0.054191485,0.013013583,0,0.059260465,0,0,0.1569902,0.062854566,0,0.005773822,0.008604334,0,0.007847291,0,0,0,0,0.011443252,0.007741806,0.007095492,0.049836546,0,0,0,0,0,0,0,0,0,0,0,0
A2_bin.10,0.18358427,0.02140147,0.09858147,0.05737349,0,0.006005022,0.0193633,0,0.10208241,0.07539498,0.004323083,0,0.10113446,0.021637982,0,0,0,0.046613626,0,0,0,0.05424598,0.09203323,0,0.020950176,0,0,0.015613758,0.084150136,0.041790754,0.012918973,0.004364652,0,0.005752882,0.029471235,0,0
C_bin.42,0,0.005019248,0,0,0,0.0261373,0,0,0,0,0.19639096,0.008675246,0,0,0.024406208,0,0,0,0,0,0,0,0,0,0,0,0,0,0,0,0,0,0,0,0,0,0
A1_bin.8,0,0,0,0,0,0,0,0,0,0,0,0,0,0,0,0,0,0,0,0,0,0,0,0,0,0,0,0,0,0,0,0.016328711,0,0,0,0.35950202,0
C_bin.86,0,0.009274892,0,0,0.006637102,0.054695588,0,0.38511223,0,0,0.08386413,0.010830743,0,0,0.021268664,0,0.011829071,0,0,0,0,0,0,0,0.022323012,0,0,0,0.010402225,0,0,0,0,0,0,0,0
B2_bin.38,0,0,0,0.04214659,0,0,0,0.009141809,0,0.010891665,0.034814455,0,0.005999059,0.03740215,0,0,0.28275076,0,0,0,0,0.01590525,0.023874756,0.04324168,0.036495503,0.007677215,0,0,0.03256743,0.009353898,0,0,0,0.004160584,0,0,0
B1_bin.10,0,0,0,0,0,0,0,0,0,0,0,0,0,0,0,0,0,0,0.7657676,0,0.10578048,0,0,0,0,0,0,0.012114513,0,0,0,0,0.005093487,0,0,0.20509572,0
C_bin.13,0.035469297,0.007700254,0,0,0.18100694,0.030986272,0,0,0,0,0.026109966,0.040622782,0,0,0.067340724,0,0,0,0,0,0,0.0056302,0,0,0,0,0,0,0,0,0,0,0,0,0,0,0
B2_bin.72,0,0,0,0,0,0,0,0,0,0,0,0,0,0,0,0.03188464,0,0,0,0,0,0,0,0,0,0.3977117,0,0,0,0,0,0,0,0,0,0,0
C_bin.59,0,0,0,0,0.10376636,0,0,0.010460654,0,0,0.0392992,0.087485224,0,0,0.06295787,0,0,0,0,0,0,0,0,0,0,0,0,0,0,0,0,0,0,0,0,0,0
B2_bin.4,0.045130566,0.02873907,0,0.005585115,0.31094053,0.12365718,0,0.023973651,0,0.007166978,0.028188003,0.016232803,0.005622265,0.023246145,0.012410714,0,0.15859777,0.01173046,0,0,0,0.098144785,0.09847608,0.024661217,0.31332722,0,0,0,0.08121618,0,0,0,0,0,0,0,0
C_bin.172,0,0,0,0,0,0,0,0,0,0,0.010316353,0.34411857,0,0,0.0139128,0,0,0,0,0,0,0,0,0,0,0,0,0,0,0,0,0,0,0,0,0,0
B1_bin.14,0,0,0,0,0,0,0,0,0,0.026931535,0,0,0,0,0,0,0,0,0.10617452,0.005037277,0.2864649,0,0,0,0,0,0,0.005768344,0,0,0.005916172,0,0,0,0.004536396,0.006463143,0
B1_bin.41,0,0.024946088,0,0,0,0.021826018,0,0,0,0.01203542,0.005148596,0,0.39655665,0,0,0,0,0,0,0,0,0,0.016341282,0.006274902,0,0,0,0,0,0,0,0,0,0,0.006105884,0,0
B2_bin.28,0,0,0,0,0,0,0,0,0,0,0,0,0,0,0,0.1831732,0,0,0,0,0,0,0,0,0,0.25904962,0,0,0,0,0,0,0,0,0,0,0
C_bin.95,0.005247812,0,0,0,0.2551351,0.012787778,0,0,0,0,0.01567689,0.22659728,0,0,0.015053561,0,0,0,0,0,0,0,0.005140759,0,0.034477677,0,0,0,0,0,0,0,0,0,0,0,0
B2_bin.98,0,0.03994467,0.005026813,0,0,0.006218442,0.02020117,0,0.05293848,0,0,0,0,0.04826846,0.007564574,0.008919741,0.02721359,0.019168235,0,0,0,0,0.01273666,0.061996836,0,0.021892052,0,0,0.018328903,0,0,0,0,0,0,0,0
C_bin.55,0,0.012784271,0,0,0.21771853,0.08340318,0,0.057546582,0,0,0.04143206,0.13498949,0.011539932,0,0.062885694,0,0,0,0,0,0,0.013743657,0.007062127,0.069708385,0.036325555,0,0,0,0.016704287,0,0,0,0,0,0,0,0
C_bin.10,0,0,0,0,0,0,0,0,0,0,0,0,0,0.004983417,2.5894465,0.01599242,0,0,0,0,0,0,0,0,0,0.010738688,0,0,0,0,0,0,0,0,0,0,0
A2_bin.23,0.006402312,0.03384863,0.040075243,0.05296101,0,0.023727141,0.011074822,0,0,0,0,0,0,0.006055973,0,0,0,0,0.023952482,0,0,0.048574973,0.010412226,0,0,0,0,0.041380357,0.0587335,0.021600373,0,0,0,0.123572536,0.007779692,0,0
C_bin.84,0.64706063,0.086001255,0,0,0,0.23417422,0,0.24271841,0.018506516,0,0.005681839,0,0,0.007789442,0.0656442,0,0,0,0,0,0,0.021756163,0,0,0.17193665,0,0,0,0.023863524,0,0,0,0,0,0,0,0
C_bin.142,0,0,0,0,0,0,0,0,0,0,0.1199093,0,0,0,0,0.008733772,0,0,0,0,0,0,0,0,0.1254242,0,0,0,0,0,0,0,0,0,0,0,0
A1_bin.6,0,0,0.0196015,0,0,0,0.041161537,0,0.008735508,0,0,0,0,0,0,0,0,0,0,0.23386045,0.017866768,0.00332032,0,0,0,0,0,0.027861755,0,0.007587355,0.012567004,0.054641582,0.15124744,0,0,0.12135539,0.1349344
C_bin.91,0,0,0,0,0.021652868,0,0,0,0,0,0,0.31101266,0,0,0,0,0,0,0,0,0,0,0,0,0,0,0,0,0,0,0,0,0,0,0,0,0
B2_bin.77,0.004560636,0.10751684,0.023640689,0,0,0.09730086,0.035196032,0,0.02369899,0.004946501,0.013915149,0,0.1546897,0.017629469,0.015505713,0,0,0,0,0,0,0.037076246,0.12247651,0.04370324,0,0,0,0,0,0.016712813,0,0,0,0.024417374,0.004505285,0,0
A2_bin.35,0.039633185,0.005948708,0.056019552,0.019025216,0,0,0.02088403,0,0.047020726,0.016700584,0,0,0,0.006083994,0,0,0,0.022351738,0.05149575,0.007248174,0.06707507,0,0,0,0,0,0,0.021900993,0,0.022638937,0.006975924,0.0087347,0.042816006,0.049332265,0.046750553,0.016007774,0
C_bin.136,0,0,0,0,0,0.007378321,0,0.41485918,0,0,0.02708344,0.04209377,0,0,0.013439319,0,0.017332247,0,0,0,0,0,0,0,0.013262361,0,0,0,0,0,0,0,0,0,0,0,0
B2_bin.32,0,0,0,0,0,0,0,0,0,0,0,0,0,0,0,0.11437518,0.022104867,0,0,0,0,0,0.01010423,0,0,0.8609915,0,0,0,0,0,0,0,0,0,0,0
C_bin.44,0.008011209,0.005687845,0,0,0,0.012011018,0,0.076020956,0,0,0.010795233,0,0.044328686,0,0,0,0.014079125,0,0,0,0,0.016728101,0.006841712,0.014371606,0.29409873,0,0,0,0.16010368,0,0,0,0,0,0,0,0
C_bin.54,0.013402406,0.0531217,0,0,0.14342193,0.11467366,0,0.24724816,0,0,0.01023857,0.10730532,0.008493923,0,0.028004475,0,0.008080659,0,0,0,0,0,0.007076475,0,0,0,0,0,0.03014461,0,0,0,0,0,0,0,0
B2_bin.95,0,0.005016261,0,0,0,1.9483029,0,0.01809422,0,0.009723962,0.23143643,0,0,0.06921532,0,0.17703101,0.008217629,0,0,0,0,0.004298606,0,0,0,0.2114977,0.041348092,0.16448057,0,0,0,0,0,0,0,0,0
C_bin.182,0.05961593,0.037502028,0.033947576,0,0.13653836,0.18138456,0,0.023566168,0.009252576,0,0.005807053,0,0,0.01137637,0,0,0.019114593,0.043184232,0,0,0,0.045220718,0.026588656,0,0.19212526,0,0,0.009709035,0.0666798,0.005795249,0,0,0,0,0.011444746,0,0
C_bin.40,0,0,0,0,0.019826284,0,0,0.04412012,0,0,0.08017191,0,0,0.06568453,0.15645036,0,0,0,0,0,0,0.008106558,0,0,0,0,0,0,0,0,0,0,0,0,0,0,0
C_bin.115,0,0,0,0,0,0.23282707,0,0,0,0,0,0,0,0,0,0,0,0,0,0,0,0,0.005310219,0,0,0,0,0.006093252,0,0,0,0,0,0,0,0,0
B1_bin.46,0.07700367,0.06673068,0.01390481,0.16669151,0.09725393,0.2020064,0,0.68025386,0.060542475,0.13768727,0.23656195,0.048686117,1.168046,0.08275571,0.33434054,0.008164674,0.09945132,0.09174306,0.005521767,0,0,0.11230663,0.21486092,0.1543518,0.89226884,0.006779321,0,0,0.22876512,0.020863893,0,0,0,0.013120462,0.020788213,0,0
B2_bin.70,0,0,0,0,0,0.03349281,0,0,0,0,0.005707494,0,0.012776622,0.008769854,0.007713761,0,0.24259302,0,0,0,0,0.03029725,0.06487935,0.00677327,0.08332756,0,0,0,0.024395455,0,0,0,0,0,0,0,0
C_bin.41,0,0,0,0,0.010859348,0,0,0,0,0,0.006969255,0.5764818,0,0,0.056014534,0,0,0,0,0,0,0,0,0,0,0,0,0,0,0,0,0,0,0,0,0,0
C_bin.87,0.012587784,0.036488414,0,0,1.390025,0.050142523,0,0.07453182,0,0,0.042984188,0.5842706,0,0,0.058975615,0,0.020472785,0,0,0,0,0.01725861,0.020595144,0.018378163,0.11237056,0,0,0,0.042709514,0,0,0,0,0,0,0,0
A2_bin.9,0.05218157,0.002895456,0.03612103,0.024187392,0,0,0,0,0.035852823,0.012885998,0,0,0,0.004684032,0,0,0,0.015990414,0.009713441,0,0,0.013644416,0,0,0.009631323,0,0,0.011357283,0.025753647,0.07088684,0,0,0.005739444,0.026046125,0.06431725,0.023179187,0
C_bin.48,0.013525081,0,0,0.024576638,0,0.025909277,0,0,0,0.005203538,0.042115483,0.010154723,0,0.021934709,0,0,0.15635464,0,0,0,0,0.039554976,0.013980923,0,0.9017841,0,0,0,0.45621294,0.03012034,0,0,0,0,0,0,0
A1_bin.7,0,0.025192054,0.00631999,0,0,0,0.006764914,0,0.006282677,0,0,0,0,0.021634739,0,0,0,0,0,0.004772502,0,0.004131957,0,0,0,0,0,0.10854213,0,0,0.084802225,0.31390852,0.009319371,0.008326296,0,0,0
C_bin.160,0,0,0,0,0.030061135,0,0,0.01559204,0,0,0.4623773,0.009001195,0,0,0.101038024,0,0,0,0,0,0,0,0,0.00718843,0.11264061,0,0,0,0,0,0,0,0,0,0,0,0
C_bin.79,0,0,0,0,0,0,0,0,0,0,0,0,0,0,0,0,0,0,0,0,0,0.13618617,0,0,0,0,0,0,0,0,0,0,0,0,0,0,0
B1_bin.38,0,0,0,0,0,0,0,0,0,0,0,0,0,0,0,0,0,0,0.26588792,0,0,0,0,0,0,0,0,0,0,0,0,0,0,0,0,0,0
B2_bin.60,0,0,0,0,0,0,0,0,0,0,0,0,0,0,0,0.20571545,0.00875725,0,0,0,0,0,0,0,0,0.2959114,0,0,0,0,0,0,0,0,0,0,0
B2_bin.83,0,0,0,0,0,0.21650103,0,0,0,0,0,0,0.5090215,0.032362018,0.13644506,0,0.21867973,0,0,0,0,0.13389641,0.4866249,0,0.013919245,0.01617786,0,0.006039283,0.03435574,0,0,0,0,0,0,0,0
C_bin.178,0,0,0,0,0.19061743,0,0,0,0,0,0,0.14447047,0,0,0.03912581,0,0,0,0,0,0,0,0,0,0,0,0,0,0,0,0,0,0,0,0,0,0
C_bin.116,0.019757347,0.082498625,0.11507938,0.10120558,0,0.11567329,0,0.026137102,0.014593932,0.004997896,0.123160414,0,0.00946079,0.08418352,0.023044009,0,0.095704995,0.06302962,0.006028842,0,0,0.041873682,0.12039857,0.03991343,0.01172546,0,0.009425894,0.005237466,0.25532195,0.07093121,0,0,0,0.004270933,0.03651503,0,0
C_bin.174,0,0,0,0,0.10458812,0,0,0.014467992,0,0,0.08584456,0,0,0,0.014500084,0,0.1782915,0,0,0,0,0.009925678,0,0.023094643,0.021523284,0,0,0,0,0,0,0,0,0,0,0,0
C_bin.88,0,0.003260288,0,0,0.29888752,0.011880445,0,0.006594542,0,0,0.006764321,0.012636486,0,0,0.083680324,0,0,0,0,0,0,0,0,0,0,0,0,0,0,0,0,0,0,0,0,0,0
C_bin.123,0.061369237,0.016203523,0.057796232,0.024320256,0,0.05042738,0.03163972,0,0.05587341,0,0,0,0,0.012160593,0,0,0,0.006471651,0,0,0,0.33256146,0.019089742,0,0.009713078,0,0,0.027969666,0.025855996,0.057269692,0,0,0.019213893,0.032331374,0.04512116,0,0
C_bin.102,0,0,0,0,0.049040508,0,0,0.25576434,0,0,0.0765748,0.13132222,0,0,0.04939649,0,0,0,0,0,0,0,0,0,0,0,0,0,0,0,0,0,0,0,0,0,0
B1_bin.27,0,0.117299214,0.030452127,0,0,0.2773879,0.024329659,0.17482103,0.031891324,0.010610606,0.008153108,0,0.99141514,0.040934335,0.060435962,0,0.008066815,0.038550068,0,0,0,0.09111122,0.46634546,0,0.011143502,0,0,0.01339089,0.04017815,0,0,0,0,0,0,0,0
A2_bin.14,0,0,0.00737294,0,0,0,0.20201954,0,0.016578933,0.014180044,0,0,0,0,0,0,0,0,0,0.050297745,0,0,0,0,0,0,0.007003896,0.05509321,0,0.005663725,0.014344046,0.013469382,0.031655964,0,0.040291734,0.061031546,0
A2_bin.11,0,0,0,0,0,0,0,0,0,0,0,0,0,0,0,0,0,0,0,0,0,0,0,0,0,0,0,0,0,0.23507732,0,0,0,0,0,0,0
A2_bin.20,0.036146756,0.007447096,0.18104614,0.043419354,0,0.010933145,0.12350701,0,0.04731484,0,0,0,0,0,0,0,0,0.084607765,0.014572709,0,0,0.00718417,0.008606475,0,0,0,0,0,0.01779595,0.06381485,0,0,0.012939402,0.022165222,0.09313452,0,0
C_bin.18,0.061708357,0.012024938,0.024421293,0,0,0.16690856,0,0,0.039270148,0.012376684,0.004337624,0,0,0.03803116,0,0,0,0.045817327,0,0,0,0.065595664,0,0,0,0,0,0.0200816,0.0586492,0,0,0.011466098,0,0,0,0,0
C_bin.107,0,0,0,0,0.10990285,0,0,0,0,0,0,0.21038482,0,0,0.010745175,0,0,0,0,0,0,0,0,0,0,0,0,0,0,0,0,0,0,0,0,0,0
A2_bin.26,0,0,0.077892795,0.0689416,0,0.006649684,0.04735341,0,0.03639131,0.06413106,0.022161022,0,0,0.017187273,0,0,0,0,0.055994514,0.068206236,0.079994865,0.014698625,0,0,0.00745419,0,0.020490984,0.020526027,0.013809007,0.067894846,0.004864294,0.00520681,0.06614809,0.089094535,0.06967214,0.07004745,0.09256127
C_bin.183,0,0,0,0,0.014000963,0,0,0.026446724,0,0,0.0840481,0.3752989,0,0,0.029580763,0,0.009187521,0,0,0,0,0,0,0,0.010145129,0,0,0,0,0,0,0,0,0,0,0,0
B2_bin.15,0,0.006743654,0,0,0,0.040386382,0,0.00980571,0,0,0.033696048,0,0.019862667,0.025088103,0.013796174,0,0.1418358,0,0,0,0,0.029015634,0.05294011,0.08990976,0.014063792,0,0,0,0.033564053,0,0,0,0,0,0,0,0
C_bin.164,0.005531926,0.020937987,0,0,0,0.021957006,0,0,0,0,0,0,0,0,0.04250422,0,0,0,0,0,0,0.18986146,0.018516677,0,0,0,0,0,0.009258506,0,0,0,0,0,0,0,0
B2_bin.36,0,0.008838366,0,0,0.055473916,0.8446003,0,0.08281591,0,0,0.059398606,0.11041477,1.2716452,0.14643528,0.18631609,0,0.34798655,0,0,0,0,0.01779445,0.42857003,0.058261596,0.10327546,0.006471127,0,0,0.46634576,0,0,0,0,0,0,0,0
A2_bin.37,0,0.010278745,0.068329245,0.007802572,0,0,0.09056631,0,0.087510586,0.09830734,0,0,0.023506518,0.009292091,0,0,0,0.0758954,0,0.03387988,0,0.015125947,0.017631974,0.010998263,0.006213519,0,0,0.009341951,0,0.013537967,0.034732845,0.024846917,0.017379222,0.021096779,0.07999509,0.023425097,0.03292572
C_bin.45,0,0,0,0,0.08140619,0.006109071,0,0.099576116,0,0,0,0.17031373,0.3097751,0,0,0,0,0,0,0,0,0,0.010645623,0,0,0,0,0,0,0,0,0,0,0,0,0,0
B2_bin.20,0,0,0,0,0,0,0,0,0,0,0,0,0,0,0,0,1.0228502,0,0,0,0,0,0,0,0,0,0,0.034919873,0,0,0,0,0,0,0,0,0
B1_bin.6,0.022865592,0.042019624,0.07052636,0.03662805,0,0.056553815,0.019537473,0.09575359,0.08657353,0.07327216,0.04429516,0,0,0.04641858,0.009616745,0,0,0.05200297,0,0,0.008457743,0.016804222,0.013676477,0,0.00861722,0,0,0.011172619,0.1634705,0.005250379,0,0.005052452,0,0,0.015290243,0,0
C_bin.17,0,0,0,0,0.081078276,0.00414983,0,0.04614294,0,0,0.041140564,0,0,0,0.05674763,0,0,0,0,0,0,0.008213398,0,0,0.04266579,0,0,0,0,0,0,0,0,0,0,0,0
B1_bin.8,0,0,0.23813136,0.2372523,0.010641473,0,0.118774034,0,0.18024889,0.1407501,0,0.008782352,0,0.074282765,0.006194033,0,0,0.13006805,0.103188805,0.22084928,0.16623671,0.006518944,0,0,0.009103426,0,0.13005462,0.253817,0.008344848,0.24626312,0.16663389,0.070138894,0.15588866,0.079751655,0.22711731,0.15911655,0.13243349
B1_bin.1,0,0,0,0,0,0,0,0,0,0,0,0,0,0,0,0,0,0,0.33453616,0,0.007808343,0,0,0,0,0,0,0,0,0,0,0,0.02817937,0,0,0.015030018,0
B1_bin.30,0,0.015071939,0,0.007560585,0.28263435,0.6433077,0,0.7761595,0,0,0.058383018,0.035741247,0.6762566,0.05529751,0.080457166,0.00960659,0.00935074,0,0,0,0,0.06099513,0.07773818,0,0.021788774,0.010023205,0,0.019201871,0.03812786,0,0,0,0,0,0.01006881,0,0
C_bin.175,0,0,0,0,0.026934212,0.070283756,0,0.19916734,0,0,0.1942959,0.08704362,0,0,0.1387639,0,0.00904737,0,0,0,0,0,0,0,0.03147012,0,0,0,0.011439065,0,0,0,0,0,0,0,0
C_bin.110,0.008910879,0,0,0.026266845,0.043226868,0.035491385,0,0.6329099,0,0,0.1304786,0.009022169,0.037327323,0.015529281,0.028314244,0,0.14264339,0,0,0,0,0.00620089,0,0.06866233,0.53805983,0,0,0,0.34308288,0,0,0,0,0,0,0,0
C_bin.30,0.044057965,0.005842122,0,0.009070613,0.014989253,0.017266193,0,0,0.0109256,0,0.006848493,0,0,0.01509487,0.006774395,0,0,0.007033559,0,0,0,0.019068675,0.009625657,0,0.3739674,0,0,0,0.11521775,0,0,0,0,0,0,0,0
C_bin.154,0,0,0,0,0.05185496,0,0,0,0,0,0,0.39176995,0,0,0.014253118,0,0,0,0,0,0,0,0,0,0,0,0,0,0,0,0,0,0,0,0,0,0
A1_bin.1,0.19682075,0.06397448,0.18320824,0.047981724,0,0.030852826,0.14574201,0,0.10689097,0.008257419,0.004867232,0,0,0.038456205,0,0,0,0.11515587,0.08959001,0,0,0.117405936,0.007268783,0,0.006089512,0,0,0.06443857,0.022648072,0.13192247,0,0.022851458,0.17163226,0.04250245,0.07244442,0.006109566,0
C_bin.49,0,0,0,0,0.032474186,0,0,0,0,0,0,0.19302423,0,0,0.00704303,0,0,0,0,0,0,0,0,0,0,0,0,0,0,0,0,0,0,0,0,0,0
B2_bin.9,0,0.009059379,0.013525523,0,0,0.018051045,0,0,0.010286992,0.027191056,0,0.005370612,0.007719843,0.15550679,0,0,0,0.19700046,0,0,0.01706841,0.036209982,0.028965816,0,0,0,0.018239602,0.033669356,0,0.011992319,0.03197789,0,0,0.012381035,0,0,0
B2_bin.97,0.015808672,0.02722324,0,0,0,0.057824943,0,0,0.007613749,0,0.006671427,0,0.11565414,0.020500712,0.011767228,0,0.09781328,0.010136669,0,0,0,0.17076352,0.31793743,0.04187344,0,0,0,0,0.036677517,0.012601495,0,0,0,0.006686161,0.011598792,0,0
A2_bin.18,0,0,0.03260402,0.005995907,0,0,0.018338846,0,0.012585101,0.010395924,0,0.005576465,0.005078597,0.021820389,0.026943643,0,0,0.021021659,0.012174474,0.07221857,0.015931452,0.003433795,0,0,0,0,0,0.020845665,0,0.055122618,0.42717323,0.035220046,0.060878146,0.006224133,0.061628032,0.032157082,0.017856251
C_bin.68,0,0,0,0,0.031448588,0,0,0,0,0,0.015827728,0.48942712,0,0,0.02133905,0,0,0,0,0,0,0,0,0,0,0,0,0,0,0,0,0,0,0,0,0,0
B1_bin.25,0,0,0,0,0,0,0,0,0,0,0,0,0,0,0,0,0,0,0,0,1.9445941,0,0,0,0,0,0,0,0,0,0.00861278,0,0,0,0,0.005213006,0
A2_bin.42,0,0.013309816,0.008150318,0.008558394,0,0,0.02537781,0,0.010994935,0,0,0,0,0,0,0,0,0.005815927,0,0,0,0,0,0,0,0,0,0.035522874,0,0.031320807,0,0.033305224,0.059107546,0.13348979,0.022603007,0,0
C_bin.150,0,0,0,0,0.04082015,0,0,0.28306597,0,0,0.06923426,0.042820945,0.020405585,0,0.067806795,0,0,0,0,0,0,0,0,0,0.008307201,0,0,0,0.021441098,0,0,0,0,0,0,0,0
C_bin.169,0.031817142,0.15768135,0,0,0,0.18078212,0,0.053005908,0.015640337,0,0.019688755,0,0.11892269,0.17305851,0.09088873,0,0.03264934,0.013326814,0,0,0,0.013121862,0.38108268,0.024732357,0.012323125,0,0,0,0.14293306,0.04128964,0,0,0,0,0,0,0
C_bin.119,0,0.025845263,0,0,0,0.009773734,0,0.5495308,0.01236303,0,0.010756328,0,0.009293774,0,0.023364708,0,0.007910509,0,0,0,0,0.004676982,0,0,0,0.005117132,0,0,0,0,0,0,0,0,0,0,0
B1_bin.18,0,0,0,0,0,0.018849973,0,0.016485054,0,0,0,0,0.3895862,0.010582075,0.008834167,0,0.007796843,0,0,0,0,0.003225403,0.027683306,0,0,0,0,0,0,0,0,0,0,0,0,0,0
A1_bin.4,0,0,0.057184633,0.011566703,0,0,0.029383123,0,0.029445436,0,0,0,0,0.024161221,0,0,0,0.025301032,0.0740756,0.05848784,0.087574154,0,0,0,0,0,0.036779065,0.035074364,0,0.03442541,0.06345486,0.031633254,0.1074479,0.0222027,0.038127284,0.09882381,0.020209566
C_bin.103,0,0.004364195,0,0,0.13572416,0.012467544,0,0,0,0,0.016622588,0.3283144,0,0,0.13762781,0,0,0,0,0,0,0,0,0,0,0,0,0,0,0,0,0,0,0,0,0,0
C_bin.120,0,0.004508651,0,0.01313826,0,0.02031025,0,0,0,0,0,0,0,0.009581598,0,0,0,0.017979695,0,0,0,0.17292565,0.02948095,0,0,0,0,0.006373764,0.035950758,0,0,0,0,0,0,0,0
C_bin.77,0,0,0,0,0.009529551,0.006053593,0,0,0,0,0.007715245,0.07156602,0,0,0.008801373,0,0.017709268,0,0,0,0,0,0.01315193,0.018534567,0.19062048,0,0,0,0.026274664,0,0,0,0,0,0,0,0
C_bin.14,0.007408889,0.015744286,0,0,0.074624114,0.010709326,0,0.0766142,0,0,0.01069826,0.10929905,0.047879618,0,0.013653715,0,0,0,0,0,0,0.006857936,0,0,0.0176852,0,0,0,0.0107586,0,0,0,0,0,0,0,0
B2_bin.67,0,0,0,0.018084716,0,0.007639625,0,0,0,0,0,0,0.02994722,0,0,0,0,0.014667349,0,0,0,0.00538456,0.16459824,0.12562886,0,0,0,0,0,0,0,0,0,0,0,0,0
C_bin.38,0,0.08667035,0.01090451,0,0,0.13521238,0,1.0478164,0.025173986,0.012727023,0.04452582,0.010926571,0,0.012516136,0,0,0,0.05426282,0,0,0.011278522,0.023124212,0.008793186,0,0.018357512,0,0,0.006712406,0.10161058,0,0,0,0,0,0.007102931,0,0
B1_bin.42,0,0.05425022,0.046716027,0.10423661,0.016172616,0,0.027185962,0,0.056801874,0.15605922,0,0.007071559,0,0.026719837,0,0,0,0.051757243,0.010964036,0.020130895,0.053221654,0.029789401,0.005539396,0,0,0,0.007674746,0.046082757,0,0.023645276,0,0.008952564,0.05530771,0.1955355,0.049569223,0.016556567,0.01513934
B2_bin.71,0,0,0,0,0,0,0,0,0,0,0,0,0,0.009373796,0,0.13520914,0,0,0,0,0,0,0,0,0,0.4476087,0,0,0,0,0,0,0,0,0,0,0
B1_bin.45,0.07464918,0.027261965,0.055832084,0.009930252,0.006233908,0.14028311,0,0.00832149,0.1266474,0.14659841,0.0866257,0,0,0.02677882,0,0,0,0.15103169,0.007840644,0,0.03182977,0.015075837,0,0,0.040017623,0,0.005388639,0.04041863,0.1035683,0.005125089,0,0,0.007339927,0.010723231,0.02827017,0,0
A2_bin.32,0,0.026643768,0.064921595,0.037354287,0,0,0.14819509,0,0.021093113,0.15533388,0,0,0.030741453,0.015169737,0,0,0,0,0.014025644,0.023789542,0.05496029,0,0,0,0,0,0.021934735,0.014484926,0,0.06442889,0.019311542,0.01005982,0.07121937,0.49658236,0.050750498,0.026396308,0.038416274
B2_bin.93,0,0,0,0,0,0,0,0,0,0,0,0,0,0,0,0,0,0,0,0,0,0,0,0,0,0.7154162,0,0,0,0,0,0,0,0,0,0,0
C_bin.3,0,0.007601391,0,0,0.062607,0.020317243,0,0.08383157,0,0,0.026196884,0.11985255,0.04468174,0,0.044939928,0,0.010354022,0,0,0,0,0,0.007543039,0,0,0,0,0,0.025267433,0,0,0,0,0,0,0,0
B2_bin.75,0,0,0,0,0,0.006830434,0,0,0,0,0,0,0,0,0,0,0.5133506,0,0,0,0,0,0,0,0.04065922,0,0,0,0,0,0,0,0,0,0,0,0
C_bin.33,0,0.014345204,0,0,0.015675012,0.06630177,0,0.38949758,0.020751132,0,0.1517012,0.006894733,0.011838611,0.03959088,0.30481744,0,0,0,0,0,0,0.019928405,0.01583427,0,0.08945333,0,0,0,0,0,0,0,0,0,0,0,0
B1_bin.23,0,0,0,0,0,0,0,0,0,0,0,0,0,0,0,0,0,0,0.12612423,0,0.1537248,0,0,0,0,0,0,0.009486127,0,0,0,0.022307478,0,0,0,0.011850856,0
A2_bin.19,0,0,0.005569085,0.07600178,0,0,0.030544002,0,0.029545773,0,0,0,0,0.005573332,0,0,0,0.010207661,0,0,0,0,0,0,0,0,0,0.06798652,0,0.03769073,0.007493283,0.043804124,0.04722472,0.12123904,0,0.017239718,0
B1_bin.26,0.023949904,0,0.014563866,0.07310861,0,0,0.008383728,0,0.035694957,0,0,0,0,0.05393082,0,0,0,0.018552516,0.33080134,0,0.27262878,0,0,0,0,0,0.020597138,0.05496954,0,0.03595974,0.014437148,0,0.034751162,0.003801393,0.013623933,0.122303665,0
C_bin.7,0,0,0,0,0,0.01416606,0,0,0,0,0.100443214,0,0.012344076,0,0,0,0,0,0,0,0,0.08804443,0.029275639,0.016744535,0,0,0,0,0,0,0,0,0,0,0,0,0
C_bin.94,0,0.013841835,0,0,0,0.52071875,0,0,0,0,0.014806959,0,0,0.009569131,0.012531301,0,0,0,0,0,0,0,0,0,0,0,0,0,0,0,0,0,0,0,0,0,0
C_bin.34,0,0,0,0,0.3135838,0,0,0,0,0,0.007602382,0,0,0,0,0,0,0,0,0,0,0,0,0,0,0,0,0,0,0,0,0,0,0,0,0,0
B2_bin.21,0,0,0,0,0,0,0,0,0,0,0,0.005753968,0,0,0,0.20450379,0,0,0,0,0,0,0,0,0,0.73142886,0,0,0,0,0,0,0,0,0,0,0
A2_bin.22,0.012454815,0,0.05637475,0.08291531,0,0,0.051333293,0,0.047648076,0.036396407,0,0,0,0.021219011,0,0,0,0.012604125,0.01586176,0,0.03444718,0.03591883,0.005418884,0,0,0,0,0.021328313,0,0.059786692,0,0.005657737,0.05134376,0.04929097,0.08670257,0.027125772,0
C_bin.144,0,0.012179273,0,0,0,0.158907,0,0.012493464,0,0.005082239,0.011409716,0,0.09137667,0,0.011314725,0,0,0.034639373,0,0,0,0.004911306,0.07444329,0.094533734,0.044891167,0,0,0,0.022560222,0.025217626,0,0,0,0,0,0,0
C_bin.139,0.041576393,0.007372626,0,0.005074402,0,0.014288059,0,0.017443135,0,0,0.015018679,0.014897123,0,0,0.010144258,0,0,0,0,0,0,0.066734284,0,0,0.06679791,0,0,0,0.014594625,0,0,0,0,0,0,0,0
B2_bin.22,0.006292731,0.24229671,0.057577506,0,0,0.08033976,0,0.015333029,0.009384542,0.011516957,0.0048732,0,0.020207314,0,0,0,0,0.006223639,0,0,0,0.03097465,0.03831366,0.027251357,0,0,0,0,0.039964356,0.024281213,0,0,0,0.004394691,0.013620334,0,0
C_bin.28,0,0.006193555,0,0,0.23737518,0.020835256,0,0.010024007,0,0,0,0,0.10708396,0,0.03337742,0,0,0,0,0,0,0,0,0,0,0,0,0,0,0,0,0,0,0,0,0,0
C_bin.148,0.00710358,0.005054548,0,0,0,0.23680452,0,0.013004303,0,0,0.045626357,0,0,0.014343873,0.010734143,0,0.025187226,0,0,0,0,0.033813987,0.006354401,0,0.194251,0,0,0,0.27557912,0,0,0,0,0,0,0,0
B2_bin.41,0,0.06593355,0.009513569,0,0,0.013424087,0.04563247,0,0.006814317,0,0,0,0.21096192,0,0.09876957,0,0.009394172,0.019868879,0,0,0,0.007354497,0.1570217,0,0,0,0,0,0,0.01958862,0,0,0,0,0.013361441,0,0
C_bin.147,0,0.038769897,0.025274908,0.020083377,0,0.029458717,0,0.06449272,0.04387263,0.016234629,0.042726256,0,0,0.011567701,0.013352524,0,0.035352733,0.0213715,0,0,0,0.01947892,0.037823845,0.02419452,0.26271763,0,0,0,0.09425283,0,0,0,0,0,0.010141826,0,0
B2_bin.6,0.010939909,0.05328415,0.014980717,0.012242179,0.010180081,0.094926715,0.011088362,0,0.016868861,0.028520608,0,0,0,0.13614307,0,0,0,0.17260025,0,0,0.016037012,0.13526535,0.034602072,0,0.008995124,0,0.008287561,0.05782492,0.010693095,0.014197874,0.05614706,0.010575486,0,0.011164957,0,0,0
A2_bin.46,0.015457066,0,0,0.015931992,0,0,0,0,0,0,0,0,0,0,0,0,0,0,0,0,0,0,0,0,0,0,0,0.006679621,0,0.02697257,0,0,0.006973962,0.083409436,0.0537866,0.032757822,0
B2_bin.74,0,0,0,0,0,0,0,0,0,0,0.017805932,0,0,0,0,0,0,0,0,0,0,0,0,0.4369073,0,0,0,0,0,0,0,0,0,0,0,0,0
B1_bin.7,0.014510137,0.004367256,0.027123189,0.04394966,0,0,0,0.0594349,0.038958136,0.024433881,0,0,0.11378746,0,0,0,0.044580854,0.07268972,0,0,0.00983331,0.020740213,0.009489315,0.031106224,0.07483921,0,0,0,0.093538605,0.026813067,0,0,0,0.007435555,0.053710423,0,0
B2_bin.14,0,0.011220314,0,0,0.006149636,0.006590222,0,0.011385535,0,0,0.04578038,0,0,0.006337281,0.009538528,0.009645348,0.37010685,0,0,0,0,0,0,0,0.011701018,0.02934954,0,0,0,0,0,0,0,0,0,0,0
C_bin.92,0.019490201,0.081779175,0,0,0,0.13947801,0,0.048369154,0.009173973,0,0.014801406,0,0.07766602,0.006824965,0.049539246,0,0,0,0,0,0,0.05118206,0.010540823,0,0.026629066,0,0,0,0.037874613,0,0,0,0,0,0,0,0
C_bin.73,0,0,0,0,0.23666193,0.015172868,0,0.21859288,0,0,0.0623666,0.36856058,0,0,0.12225198,0,0,0,0,0,0,0,0,0,0,0,0,0,0.007794235,0,0,0,0,0,0,0,0
A2_bin.1,0.038693577,0.03153127,0.11238802,0.07874728,0,0,0.031669203,0,0.08635536,0.016726678,0,0,0.065943666,0.06856258,0,0,0,0.094837174,0,0,0,0.042773142,0.09577079,0,0,0,0,0.027847525,0.038164064,0.13839833,0,0,0.028143317,0.006531361,0.055748034,0.012525611,0
C_bin.80,0,0.007690383,0,0,0.013369167,0.084519364,0,0,0,0,0,0,0,0.006337148,0.009956559,0,0.015498485,0,0,0,0,0.093916684,0,0,0.062290143,0,0,0,0.044387426,0,0,0,0,0,0,0,0
B1_bin.37,0,0.043168645,0,0,0,0.010572498,0,0,0.007324506,0,0,0,0.44553325,0,0,0,0,0.006276575,0,0,0,0.007813687,0.22949988,0,0,0,0,0,0,0,0,0,0,0,0,0,0
B1_bin.47,0.20364635,0.0099218,0,0.011090059,0.014494116,0.11784566,0,0.01033769,0.02902664,0.02069006,0.007612286,0,0.12589444,0.21848184,0.007409863,0,0,0.17051984,0,0,0.007767097,0.04369699,0.047875192,0,0.03190624,0,0,0.023038799,0.12624945,0,0,0,0,0,0.004716741,0,0
C_bin.60,0,0.05262024,0,0,0.028902182,0.026728213,0,0,0,0,0.013643984,0.017638758,0.02379245,0,0.19486886,0,0,0,0,0,0,0.010738861,0,0,0,0,0,0,0,0,0,0,0,0,0,0,0
C_bin.162,0.008282575,0.026383566,0,0,0.08432732,0.23290034,0,0.17579383,0,0,0.00477232,0.005158471,0.152334,0.02670179,0,0,0,0.023942064,0,0,0.029533613,0.029288454,0.016853616,0,0.017952507,0,0,0.021325115,0.05348342,0,0,0,0,0,0,0,0
C_bin.82,0,0,0,0,0.14998682,0,0,0,0,0,0,0.3192333,0,0,0.04619159,0,0,0,0,0,0,0.005634129,0,0,0,0,0,0,0,0,0,0,0,0,0,0,0
A2_bin.4,0.020833641,0.009077914,0.04067658,0.06687982,0,0.016509976,0,0,0.016753608,0,0,0,0,0.023737524,0,0,0,0.010521098,0,0,0,0.03720342,0.010950333,0,0.008399372,0,0,0.0155315,0.031182352,0.05248848,0,0,0.012517234,0.041014124,0.04398742,0.009829289,0
A1_bin.2,0,0,0.012049739,0,0,0,0.0150459,0,0,0,0,0,0,0.005255395,0,0,0,0,0,0.045646038,0.012204584,0,0,0,0,0,0.02977581,0.011078979,0,0.016513253,0.005715405,0.006060905,0.018918103,0,0,0.036144216,0.0691043
C_bin.70,0,0.01132596,0,0,0,0.061319917,0,0.13237898,0,0,0.062729485,0,0.02609203,0.004892365,0.09247224,0,0.021031706,0,0,0,0,0.014652889,0.09891286,0.07344697,0.010129101,0,0,0,0.034387346,0,0,0,0,0,0,0,0
C_bin.24,0,0,0,0,0.15927204,0,0,0,0,0,0.01678147,0.383514,0,0,0.033983056,0,0,0,0,0,0,0,0,0.008458184,0.007321465,0,0,0,0,0,0,0,0,0,0,0,0
B2_bin.24,0,0.003361184,0,0,0,0.05639184,0,0.015451144,0,0,0,0,0.015361923,0.007823188,0.006929347,0,0.034630436,0,0,0,0,0,0.18903555,0,0.036875136,0,0,0,0.039539978,0,0,0,0,0,0,0,0
C_bin.57,0,0,0,0,0,0.032704905,0,0.104942165,0,0,0.050610244,0,0,0,0.01922755,0,0,0,0,0,0,0.00996032,0.007503216,0,0.25554198,0,0,0,0.11352983,0,0,0,0,0,0,0,0
C_bin.171,0,0,0,0,0.025330888,0,0,0,0,0,0,0.37260094,0,0,0.14404245,0,0,0,0,0,0,0,0,0,0,0,0,0,0,0,0,0,0,0,0,0,0
C_bin.112,0,0,0,0,0,0.01835543,0,0,0,0,0.54300237,0,0,0,0.008771073,0,0,0,0,0,0,0.009461271,0.14776231,0,0,0,0,0,0.021690087,0,0,0,0,0,0,0,0
C_bin.180,0,0,0,0,0.35188878,0,0,0,0,0,0.01383693,0.011333797,0,0,0.01429302,0,0,0,0,0,0,0,0,0,0.009224781,0,0,0,0,0,0,0,0,0,0,0,0
C_bin.72,0,0,0,0,0,0,0,0,0,0,0.02626658,0.2889598,0,0,0,0,0,0,0,0,0,0,0,0.007217453,0,0,0,0,0,0,0,0,0,0,0,0,0
B1_bin.39,0.017600747,0,0.02903156,0.23971955,0,0.005155116,0,0,0.09781369,0.20463037,0.010823092,0,0,0.026394721,0,0,0,0.022372767,0.03882649,0,0.08824789,0.011071034,0.004848027,0,0.18083376,0,0.013845773,0.05141845,0.21438158,0.031005763,0,0,0,0.03876162,0.057444904,0.011338398,0
C_bin.96,0,0,0,0,0,0,0,0.29835814,0,0,0.014918271,0,0,0,0,0,0,0,0,0,0,0,0,0,0.006463683,0,0,0,0,0,0,0,0,0,0,0,0
C_bin.78,0,0,0,0,0.033429645,0.058712777,0,0.008461162,0,0,0.006257788,0.017583884,0.004875024,0.011268408,0.059174303,0,0.011331617,0,0,0,0,0.070820354,0.022986602,0,0.03111255,0,0,0,0.05031035,0,0,0,0,0,0,0,0
B2_bin.43,0.17310224,0.024914173,0.012833942,0.05039366,0.07885701,0.30217725,0,0,0.013804588,0.024713298,0.045938183,0.010008573,0.04937692,0.21595311,0.016542949,0,0.42612356,0.06135845,0,0,0.014673037,0.11452682,0.1564204,0.014739359,0.90768784,0,0,0.045789782,0.23579217,0.028520182,0,0,0,0.016044749,0.0062797,0,0
B2_bin.85,0,0.010962974,0,0,0,0.023740204,0,0,0,0,0,0,0.006890393,0.014070159,0.01486002,0.07537665,0.069354914,0,0,0,0,0,0.07118034,0.025105033,0,0.26338252,0,0.01387358,0.012545664,0,0,0,0,0,0,0,0
C_bin.129,0,0,0,0,0,0.1697571,0,0.0751373,0.015790721,0,0.053469516,0,0,0,0,0,0,0,0,0,0,0.021827923,0.004644039,0.015015288,0,0,0,0,0,0,0,0,0,0,0,0,0
A2_bin.2,0.00952651,0,0.026028572,0.039826818,0,0,0.017932238,0,0.06625732,0.010576286,0,0,0,0.007531447,0,0,0,0.008307491,0.017388945,0,0.02684005,0,0,0,0.008385452,0.019307008,0.018535627,0.013484229,0.021826232,0.042862482,0,0,0.032671485,0.05215936,0.058424212,0.018963525,0
B2_bin.100,0,0.44872263,0.012608148,0,0,0,0.050964706,0,0.03301159,0.011573168,0,0,0,0,0,0,0,0,0,0,0,0.020796323,0,0,0,0,0,0.024055423,0,0,0,0,0,0,0,0,0
A2_bin.33,0.007752947,0.06135651,0.074245326,0.025126765,0,0.006573539,0.15550034,0,0.06370087,0.01508646,0,0,0.006891671,0.023639606,0,0,0.016581628,0.04698284,0,0,0,0.016290758,0.05365985,0,0,0,0.005947093,0.011579589,0.008779774,0.043418676,0,0,0.010349922,0.01212433,0.042699974,0.008519604,0
